,url,title,date
0,http://mp.weixin.qq.com/s?__biz=MjM5MDk1NzQzMQ==&amp;mid=2653924021&amp;idx=1&amp;sn=495dba841f6d768938cd238d200f205f&amp;chksm=bc8ebf31cbf14c9d0dc538b669ba26392b5f4bc7228a9010a0b03c6ba1531b6336c813cd8680&amp;scene=27#wechat_redirect,“游客潜水被弃海中”，处理结果来了,2024-06-25
1,http://mp.weixin.qq.com/s?__biz=MjM5MDk1NzQzMQ==&amp;mid=2653924021&amp;idx=2&amp;sn=3932bf8d2e0f422d25a4b2f1e97fee8a&amp;chksm=bcf44ca5ad0aeac6b4d3fc0d4b77c82376123ff62b58a28bc2f1457821d25a746ee2651fd19e&amp;scene=27#wechat_redirect,中方公布数据：俄罗斯第一,2024-06-25
2,http://mp.weixin.qq.com/s?__biz=MjM5MDk1NzQzMQ==&amp;mid=2653924021&amp;idx=3&amp;sn=2687f22fa60203a85283785158c4af02&amp;chksm=bcb19f3ace3716fc36913c4b0cbaaa815b679dbaeb641b98049cde8779a146b044c0af47a680&amp;scene=27#wechat_redirect,预告|6月29日对话茅奖作家，品读《宝水》背后的新时代乡土文学,2024-06-25
3,http://mp.weixin.qq.com/s?__biz=MjM5MDk1NzQzMQ==&amp;mid=2653923996&amp;idx=1&amp;sn=3aba9c1466e00c727e9ba7f6d68ef8c0&amp;chksm=bcea614755bd706932d50483206ba8dff9ee6edf5db2f9bfd01f13a9c41cbbda71e567bcbd94&amp;scene=27#wechat_redirect,马克龙急了：可能带来“内战”,2024-06-25
4,http://mp.weixin.qq.com/s?__biz=MjM5MDk1NzQzMQ==&amp;mid=2653923996&amp;idx=2&amp;sn=5f64568405177955839dd9785216492e&amp;chksm=bc4d19d363acc5695e136a0cd28204006a850352ebed371234fc9d02240be73eee23b368ee85&amp;scene=27#wechat_redirect,被白宫任命后，他狂删帖,2024-06-25
5,http://mp.weixin.qq.com/s?__biz=MjM5MDk1NzQzMQ==&amp;mid=2653923996&amp;idx=3&amp;sn=4892c29125b12b94138338da59fdeb3f&amp;chksm=bc71307a8e20d4ea18a87bc57a44a4ead60922bb7d58d1355c23182fcee84380b951105f9a29&amp;scene=27#wechat_redirect,女艺人自曝对米饭过敏，评论区炸锅,2024-06-25
6,http://mp.weixin.qq.com/s?__biz=MjM5MDk1NzQzMQ==&amp;mid=2653923976&amp;idx=1&amp;sn=4688d7190b1a87400c57fae75eed4718&amp;chksm=bceb7c6a8ea47f1f714a04af12cbf26f47a70d3cd2adef4244a8aacf66327f58ffffdb82e4b1&amp;scene=27#wechat_redirect,中方否认，提出严正交涉,2024-06-25
7,http://mp.weixin.qq.com/s?__biz=MjM5MDk1NzQzMQ==&amp;mid=2653923976&amp;idx=2&amp;sn=be042c533eac02f6bb0c301031fb32d3&amp;chksm=bc1471401feab6e44cd9081023379951f3e2ac8a907ccbca07fa12ecdbabd4998127f7750014&amp;scene=27#wechat_redirect,云南一副县长被举报出轨，官方：已停职,2024-06-25
8,http://mp.weixin.qq.com/s?__biz=MjM5MDk1NzQzMQ==&amp;mid=2653923976&amp;idx=3&amp;sn=f6bab0b19bc44fd16e1d49fd83986d8a&amp;chksm=bc4aa58ae853f058594480bf1fb98d909776b47f8ba47b907f62c2d7b49c39f0124330bd9012&amp;scene=27#wechat_redirect,范某通、项某兵，被执行死刑,2024-06-25
9,http://mp.weixin.qq.com/s?__biz=MjM5MDk1NzQzMQ==&amp;mid=2653923930&amp;idx=1&amp;sn=5441ee157c5124f3902a4115f66c57ca&amp;chksm=bc16b255ee3b3fae8ca4921631754ea256316b458ca18fb47f749e3d01262e3e8d5afcb2b670&amp;scene=27#wechat_redirect,台媒：史上最近，仅5海里,2024-06-25
10,http://mp.weixin.qq.com/s?__biz=MjM5MDk1NzQzMQ==&amp;mid=2653923930&amp;idx=2&amp;sn=4a39694ed05e505846351063c37decd2&amp;chksm=bcb56e935ea40c4b8ffd5aabab12ef1361b7a4cc19cbfebc4ff4ef813fd81b0f90a85a8bdcf4&amp;scene=27#wechat_redirect,外交部：深表哀悼，要求尽快查明原因,2024-06-25
11,http://mp.weixin.qq.com/s?__biz=MjM5MDk1NzQzMQ==&amp;mid=2653923930&amp;idx=3&amp;sn=5899995fccbe7be4564c43975b4a1041&amp;chksm=bc35726ff74924c4de55849f7b2c97f4daec3180badc55c3b829562a5eb4def1503e6bff40dc&amp;scene=27#wechat_redirect,男子使用麻精药品迷奸多名女性，被判无期徒刑,2024-06-25
12,http://mp.weixin.qq.com/s?__biz=MjM5MDk1NzQzMQ==&amp;mid=2653923882&amp;idx=1&amp;sn=0536921a53009cde582339e4bea840e6&amp;chksm=bc6aaec55f031eac657cf5ea3fc1ad5eca3442badaa8047d9d2bfc5b95378a5f66f4eea3e3a0&amp;scene=27#wechat_redirect,苏州警方通报两名日本人和一名中国人遇袭事件,2024-06-25
13,http://mp.weixin.qq.com/s?__biz=MjM5MDk1NzQzMQ==&amp;mid=2653923882&amp;idx=2&amp;sn=53aff5bf71c85c45bbd6b54b4bf2f2d0&amp;chksm=bcafac6db1ab111736521e8accd7e310c1f6277968db154121662fe0064f5fb86023f2dd5217&amp;scene=27#wechat_redirect,中国宣布后，澳大利亚人兴趣飙升,2024-06-25
14,http://mp.weixin.qq.com/s?__biz=MjM5MDk1NzQzMQ==&amp;mid=2653923882&amp;idx=3&amp;sn=7818f6badf5b6f8ebe40bb5e0db2e93d&amp;chksm=bcb67913f6897daa312785193ab5a542c0e7b41efb45dbb7ed191048407c97c3e413631f4700&amp;scene=27#wechat_redirect,打虎！李石松被查,2024-06-25
15,http://mp.weixin.qq.com/s?__biz=MjM5MDk1NzQzMQ==&amp;mid=2653923864&amp;idx=1&amp;sn=e3f06a59048417e115f33614b27f29e3&amp;chksm=bc2ac57b420cdf248f1a6c2289adf4ee5837ab5d3f2b8d08f96fd00b2ecbc96c6972b0dbc69f&amp;scene=27#wechat_redirect,两名日本公民在苏州遇袭，外交部回应,2024-06-25
16,http://mp.weixin.qq.com/s?__biz=MjM5MDk1NzQzMQ==&amp;mid=2653923864&amp;idx=2&amp;sn=ba7c3fb6bab6141ac9d0efd9d322d87d&amp;chksm=bcadace6d9f36348be1defe8bff891ccb35b6e0f317902382430011b72ef454e3ad91be367b7&amp;scene=27#wechat_redirect,官宣：中国对三国试行免签,2024-06-25
17,http://mp.weixin.qq.com/s?__biz=MjM5MDk1NzQzMQ==&amp;mid=2653923864&amp;idx=3&amp;sn=46df4d127eb7ba9e4d3736d85f91cea5&amp;chksm=bc544eca57051612bdc56a42dd49f59d49a71373c1daa05deea8b1f23d72a1bdc4ab38a12676&amp;scene=27#wechat_redirect,一男演员突遭鲨鱼袭击，不幸身亡,2024-06-25
18,http://mp.weixin.qq.com/s?__biz=MjM5MDk1NzQzMQ==&amp;mid=2653923832&amp;idx=1&amp;sn=92d92006865326118b3fcec7688c2c89&amp;chksm=bc07875878c7d20582f8df209325f686122edc5cfeafe2f2206c00ca68137ae3692b4273b452&amp;scene=27#wechat_redirect,习近平致电祝贺嫦娥六号任务取得圆满成功,2024-06-25
19,http://mp.weixin.qq.com/s?__biz=MjM5MDk1NzQzMQ==&amp;mid=2653923818&amp;idx=1&amp;sn=400e36b90770c7a3113ef5be94170089&amp;chksm=bc3b80dccd9db303c0b7df992c30a93a7123c8a67a02fc2a5fb38798426adbe14609acfcdefe&amp;scene=27#wechat_redirect,圆满成功，世界首次！,2024-06-25
20,http://mp.weixin.qq.com/s?__biz=MjM5MDk1NzQzMQ==&amp;mid=2653923804&amp;idx=1&amp;sn=2c94bfd4b437163931fd9c68df33477f&amp;chksm=bccd3e39841a2216fbf926d111bd782d1c90324004532515ca7044dbdea3be25fd360fb2a493&amp;scene=27#wechat_redirect,事发日本，以色列游客预定被取消……,2024-06-25
21,http://mp.weixin.qq.com/s?__biz=MjM5MDk1NzQzMQ==&amp;mid=2653923804&amp;idx=2&amp;sn=16a243fd5b05815053634f265cfb6a9b&amp;chksm=bcd04e1d6f15a7960411cda8aca151a2d063b246966393dbc0a7732b4ecb4e63f1320af2e966&amp;scene=27#wechat_redirect,明说了：最好中国留学生学文科，印度的学理科,2024-06-25
22,http://mp.weixin.qq.com/s?__biz=MjM5MDk1NzQzMQ==&amp;mid=2653923804&amp;idx=3&amp;sn=a98e37c50d049c4dd401b6bc6e213090&amp;chksm=bc7c553b568e0936ae589d2a76800b007c16fcb1c153e1300ea58f9305f77e3fab5a8549ea16&amp;scene=27#wechat_redirect,北京警方：65岁男子叶某某被拘,2024-06-25
23,http://mp.weixin.qq.com/s?__biz=MjM5MDk1NzQzMQ==&amp;mid=2653923776&amp;idx=1&amp;sn=9b8336c47bc702647bd1e0676d1c945d&amp;chksm=bc380156e2b5d3fd06648002b6c12a052d03c6389bf684841c791f50445e3c2fadbce02e9d1a&amp;scene=27#wechat_redirect,美国也发声了：震惊、不可接受,2024-06-25
24,http://mp.weixin.qq.com/s?__biz=MjM5MDk1NzQzMQ==&amp;mid=2653923776&amp;idx=2&amp;sn=5b3f01848f0ca8079b10b13531b1d03a&amp;chksm=bcecbebede3ed001e35c10f75f5e6a5e35f539320d9de1a267c4d0cfd4d6b5d5530410df73c0&amp;scene=27#wechat_redirect,痛心！失联人员已找到，5人死亡,2024-06-25
25,http://mp.weixin.qq.com/s?__biz=MjM5MDk1NzQzMQ==&amp;mid=2653923776&amp;idx=3&amp;sn=8797ccf9f0d55a351564b75df9bb4a7e&amp;chksm=bcd68d59a42bd2c19d84229f739d1fc618e63f72bd8e7ef812f1924fb2afe88b1d43e05753b2&amp;scene=27#wechat_redirect,日本景点要对外国人多收费？,2024-06-25
26,http://mp.weixin.qq.com/s?__biz=MjM5MDk1NzQzMQ==&amp;mid=2653923753&amp;idx=1&amp;sn=f8b285cd41c66afdca63d70943204e84&amp;chksm=bcf1f4eed55069d2287beadd3c5af6f9178e57f22c2151c5b6c797f40c2123ec6375b2a29caf&amp;scene=27#wechat_redirect,嫦娥六号发来提醒,2024-06-24
27,http://mp.weixin.qq.com/s?__biz=MjM5MDk1NzQzMQ==&amp;mid=2653923753&amp;idx=2&amp;sn=34ee0624c64298e79762526495495774&amp;chksm=bc5e6a78dc6692bc598c83e3afbacd3b12b133e89cdf5a22f12b36d5a023b54fbf71985b2085&amp;scene=27#wechat_redirect,俄罗斯突发，已致8人死亡,2024-06-24
28,http://mp.weixin.qq.com/s?__biz=MjM5MDk1NzQzMQ==&amp;mid=2653923753&amp;idx=3&amp;sn=dde868a7b54f6f39ce73bee01c22af4d&amp;chksm=bcccf1fdd9c6ed9a4421f13e892ce0824cb517633d1b3e6c503094106c1646cf2d605efe67d1&amp;scene=27#wechat_redirect,写字楼突然晃动！人员紧急疏散，当地最新通报,2024-06-24
29,http://mp.weixin.qq.com/s?__biz=MjM5MDk1NzQzMQ==&amp;mid=2653923729&amp;idx=1&amp;sn=55fe9c694a37258968e0b257bde1a891&amp;chksm=bc6d8aff02539759988309b05363d4cd2567c97b3db8b56d1a2ac60d731b144f4208fe634642&amp;scene=27#wechat_redirect,瞄准中国，美“复制者”计划部分细节公开！,2024-06-24
30,http://mp.weixin.qq.com/s?__biz=MjM5MDk1NzQzMQ==&amp;mid=2653923729&amp;idx=2&amp;sn=6a64efa66e67e8a01d82c714d943eb15&amp;chksm=bc6225cd77adc8cdcd638da5bbaf01fbe0f6e3c8f15fb49f06e6fa40fc2a091d5343b54ba732&amp;scene=27#wechat_redirect,最新：阿桑奇从英国监狱获释,2024-06-24
31,http://mp.weixin.qq.com/s?__biz=MjM5MDk1NzQzMQ==&amp;mid=2653923729&amp;idx=3&amp;sn=7a1efb09612fc6a5883d427a88d1214c&amp;chksm=bc723f2ac91df1086fa25c8f324958ed0c88701ff2a09be0978c339c3cd249086a8091b0b25a&amp;scene=27#wechat_redirect,他们感叹：中国人为什么还不回来,2024-06-24
32,http://mp.weixin.qq.com/s?__biz=MjM5MDk1NzQzMQ==&amp;mid=2653923712&amp;idx=1&amp;sn=c832a951f66ed6fd213f94dbcd4ae4e9&amp;chksm=bcac8dbecf9cc5fa55469bb15d1151dd59c32505f0d9ada0e5ed3a64deb0171afc5e55c72d07&amp;scene=27#wechat_redirect,葛来仪的“卖惨”，在刻意回避什么？,2024-06-24
33,http://mp.weixin.qq.com/s?__biz=MjM5MDk1NzQzMQ==&amp;mid=2653923712&amp;idx=2&amp;sn=a925b37abd1fdb0518892efd3d72cce3&amp;chksm=bc302b2427a7d14fe8c98cbae33e590ad6dd9b869c2b69a0fab8d8507b7cce2f7d4f017a5081&amp;scene=27#wechat_redirect,中国大使深夜赴韩国火灾现场,2024-06-24
34,http://mp.weixin.qq.com/s?__biz=MjM5MDk1NzQzMQ==&amp;mid=2653923712&amp;idx=3&amp;sn=9eed3b912a83c8bf3be52ab2a9f8b925&amp;chksm=bcb24f334e9c2d18745d079bc521a0b862ebd2144ca87a0cdd0993b917b73574c7a3915927ea&amp;scene=27#wechat_redirect,印度“帮”该国护河，制衡中国？,2024-06-24
35,http://mp.weixin.qq.com/s?__biz=MjM5MDk1NzQzMQ==&amp;mid=2653923692&amp;idx=1&amp;sn=257d27f24f44e0aac500360d1f081014&amp;chksm=bc006513758cb96df8ac40fcfcf0a53ff0977482567144e6578b82e80d578081b9eac96b0e68&amp;scene=27#wechat_redirect,再次胁迫日荷“脱钩”，美国为何拒绝承认,2024-06-24
36,http://mp.weixin.qq.com/s?__biz=MjM5MDk1NzQzMQ==&amp;mid=2653923692&amp;idx=2&amp;sn=5b4a67d94f894bf4203f11461a29c101&amp;chksm=bc2d2c2f158a444537539d9ff184a0af0db8e5990d8bec85465efaee71d260367781b2e7ee70&amp;scene=27#wechat_redirect,俄罗斯一地宣布停止一切娱乐活动，降半旗,2024-06-24
37,http://mp.weixin.qq.com/s?__biz=MjM5MDk1NzQzMQ==&amp;mid=2653923692&amp;idx=3&amp;sn=914bb22f7a0340c7757b0bd55ef6ce14&amp;chksm=bc720ef2b5ce3efb9bb32fdcee731f8af6b3ee5c9f0e0916ce9e1aedd4e64aafcdc01c8af73b&amp;scene=27#wechat_redirect,意大利这一幕，让日本大使馆“强烈关注”,2024-06-24
38,http://mp.weixin.qq.com/s?__biz=MjM5MDk1NzQzMQ==&amp;mid=2653923692&amp;idx=4&amp;sn=a6b365e972ebe124de84923434823481&amp;chksm=bcd743341e5c4799ddbb03f2a08c9809aa64c50c1dd4391e9885dcdf76dd26dee73496e52fb9&amp;scene=27#wechat_redirect,白俄罗斯：已准备好必要时使用核武器,2024-06-24
39,http://mp.weixin.qq.com/s?__biz=MjM5MDk1NzQzMQ==&amp;mid=2653923687&amp;idx=1&amp;sn=b5080cd20394f1e41cfd214e2631d7a1&amp;chksm=bc29fe1a773e74821bb89b5f574437c4d4d50832b912f4bd7a918c2a272e7a49423180d7ef41&amp;scene=27#wechat_redirect,又一国！中方决定实施15日单方面免签政策,2024-06-24
40,http://mp.weixin.qq.com/s?__biz=MjM5MDk1NzQzMQ==&amp;mid=2653923687&amp;idx=2&amp;sn=e880c075ca7c855ff3a74a7ba503c432&amp;chksm=bc3925809449181e5e9b42e2ed6bf68adacbaf3d79273298f731ae5d90f3dd1aeea156ba98bf&amp;scene=27#wechat_redirect,解放军这个新装备，让美国破防了：“无法接受”,2024-06-24
41,http://mp.weixin.qq.com/s?__biz=MjM5MDk1NzQzMQ==&amp;mid=2653923687&amp;idx=3&amp;sn=25ce93823fac58f2911c41a94fd3e3da&amp;chksm=bc2d32c63f9e5f5a5924c19e67048a1a766c7d74774f7139e8fc279084824e20bb088046229d&amp;scene=27#wechat_redirect,日本自卫队车辆发生“严重车祸”,2024-06-24
42,http://mp.weixin.qq.com/s?__biz=MjM5MDk1NzQzMQ==&amp;mid=2653923687&amp;idx=4&amp;sn=44c6a94b460d840162a8157c77d878dc&amp;chksm=bc120985c2c0afd9af40a7fa70610c67e6a9f2d7525de2cf64ca391d519443f66583f7240019&amp;scene=27#wechat_redirect,特朗普的“荒唐提议“，被竞选团队撤回,2024-06-24
43,http://mp.weixin.qq.com/s?__biz=MjM5MDk1NzQzMQ==&amp;mid=2653923687&amp;idx=5&amp;sn=1d22668aa7cb19f8195fe3e726e57adc&amp;chksm=bc7e9cb68fda2a5448768b32a53eabea0e9974b5482133c46a93539fa2f3552581bd06f86e80&amp;scene=27#wechat_redirect,网红遭男友杀害跨省抛尸？警方通报：已刑拘！,2024-06-24
44,http://mp.weixin.qq.com/s?__biz=MjM5MDk1NzQzMQ==&amp;mid=2653923673&amp;idx=1&amp;sn=c40be48f3fac0b2eac9cf957a8171f0e&amp;chksm=bc43f2129a635cc1c1e737d4c173f242121283aca8fc26128433e74bc1962e5137501187360a&amp;scene=27#wechat_redirect,突发：俄罗斯召见美国驻俄大使,2024-06-24
45,http://mp.weixin.qq.com/s?__biz=MjM5MDk1NzQzMQ==&amp;mid=2653923673&amp;idx=2&amp;sn=66508d22a8e73925a707d0a1d73533b7&amp;chksm=bc8fd7d55efc3462dca410ebacd0542feab4350fe34c3019dc83803741ad5c00bdbc73f1abbe&amp;scene=27#wechat_redirect,两个儿子参与俄罗斯恐袭，区长父亲被查,2024-06-24
46,http://mp.weixin.qq.com/s?__biz=MjM5MDk1NzQzMQ==&amp;mid=2653923673&amp;idx=3&amp;sn=5330cd5a769fb94134a6c43dae67fbb1&amp;chksm=bc8203b954f663c400d8f3aa552037ee2bc6c7d8521663b306fc94d851cd0e5354f4c59ebf60&amp;scene=27#wechat_redirect,毛宁：深切哀悼，诚挚慰问,2024-06-24
47,http://mp.weixin.qq.com/s?__biz=MjM5MDk1NzQzMQ==&amp;mid=2653923673&amp;idx=4&amp;sn=20f579a07b76960e519574fd99dd6cde&amp;chksm=bc86e4afda38a096528aa86472e67cc6049f1a3ce9e8cc38be5aae7974dd1e11681d65c10a0f&amp;scene=27#wechat_redirect,连夜调查，从严处理！青岛官方回应,2024-06-24
48,http://mp.weixin.qq.com/s?__biz=MjM5MDk1NzQzMQ==&amp;mid=2653923646&amp;idx=1&amp;sn=128ac30971dd859fc631e48bee8228f5&amp;chksm=bcf2d90b9ae23a587b79ff7274205c8ba5495b0ad57f738cd426a19d4b31a201e790cf502c61&amp;scene=27#wechat_redirect,中国使馆、尹锡悦发声！,2024-06-24
49,http://mp.weixin.qq.com/s?__biz=MjM5MDk1NzQzMQ==&amp;mid=2653923646&amp;idx=2&amp;sn=9c7d70c1b797c2aa68d1bebfa646679f&amp;chksm=bc8376f3297e379a6bf70c1d40728162f0a5a0ca2292afce26bc2003949a7d69942dd8452f7b&amp;scene=27#wechat_redirect,乌克兰一市长：俄罗斯向这里发射了导弹,2024-06-24
50,http://mp.weixin.qq.com/s?__biz=MjM5MDk1NzQzMQ==&amp;mid=2653923646&amp;idx=3&amp;sn=8a268b278d92c9296581e9034b0b170a&amp;chksm=bc41c86df80b731759f24cabb3f85db693b72087763e01a8dbcc1a0a9e8a874596cd70a4456e&amp;scene=27#wechat_redirect,加拿大一最高警戒级别监狱，突然转移囚犯,2024-06-24
51,http://mp.weixin.qq.com/s?__biz=MjM5MDk1NzQzMQ==&amp;mid=2653923635&amp;idx=1&amp;sn=2eb9100450928262f8c2bd1ed7b74891&amp;chksm=bc94d42354a7944f59707faeef2ce95d6e2f6a1156dc9fdc5b67cf5d2602f64f8cb51ca5b6ba&amp;scene=27#wechat_redirect,全国科技大会 国家科学技术奖励大会 两院院士大会在京召开 习近平为国家最高科学技术奖获得者等颁奖并发表重要讲话,2024-06-24
52,http://mp.weixin.qq.com/s?__biz=MjM5MDk1NzQzMQ==&amp;mid=2653923615&amp;idx=1&amp;sn=3fabd0b55f357018093ee85729812f25&amp;chksm=bcbeca9f7f4ef753c12969d47bf92bc8ba2096f12c95ee3c5f308e9e11903ed841441cec2c9b&amp;scene=27#wechat_redirect,18名中国公民，在韩国电池厂火灾中遇难,2024-06-24
53,http://mp.weixin.qq.com/s?__biz=MjM5MDk1NzQzMQ==&amp;mid=2653923615&amp;idx=2&amp;sn=53adcf5bd769a56a78e1c4576286c334&amp;chksm=bc577e7bb6434ed2f05dbdcdb81d435de57e9b9745019884a36a132f82fa1764645b767c17d0&amp;scene=27#wechat_redirect,内蒙古警方通报：郑某某被刑拘,2024-06-24
54,http://mp.weixin.qq.com/s?__biz=MjM5MDk1NzQzMQ==&amp;mid=2653923615&amp;idx=3&amp;sn=62d91446e4a0b63bbc31f8a278a1de7d&amp;chksm=bc0060cc5b6a22b60e295e7f82cf31476f7caf21362470b48c6f2eb988f6b803b0075c5bbd66&amp;scene=27#wechat_redirect,这国“高考”作弊闹大了！高官被免职,2024-06-24
55,http://mp.weixin.qq.com/s?__biz=MjM5MDk1NzQzMQ==&amp;mid=2653923584&amp;idx=1&amp;sn=c083ecce39a8dbd44cb9f4d86bb8cf07&amp;chksm=bc860d2f9dcb21081f4a4876bfa33d670feed5cfaaadca6b508ea234064875d3f3e23090b019&amp;scene=27#wechat_redirect,这个词，外交部对菲律宾说了两次！,2024-06-24
56,http://mp.weixin.qq.com/s?__biz=MjM5MDk1NzQzMQ==&amp;mid=2653923584&amp;idx=2&amp;sn=57c28720ec9d56ed256cb29381a41b33&amp;chksm=bcf5634ded9281fca38297e18d0425d3b01eff11b278c6273e8490fb8d3b66b2fcc71a6cfe7f&amp;scene=27#wechat_redirect,超1300人在去沙特朝觐途中死亡！真正原因曝光,2024-06-24
57,http://mp.weixin.qq.com/s?__biz=MjM5MDk1NzQzMQ==&amp;mid=2653923584&amp;idx=3&amp;sn=23342b0081a881c0966e3b86b201f7d9&amp;chksm=bcea93c6b0e64ad8d3afd239e6a78e70f0ec301fd83e44f73a503e96f7f29120a4453613f654&amp;scene=27#wechat_redirect,这个牛肉大国，已经快吃不起牛肉了......,2024-06-24
58,http://mp.weixin.qq.com/s?__biz=MjM5MDk1NzQzMQ==&amp;mid=2653923584&amp;idx=4&amp;sn=d04e41a13af5a0de493aff2a9693760a&amp;chksm=bcba4b86f0a7eb52ee179e9c776dcd5235c0372506e2db94ecf0a23ba0f8ecc5b6e470dcbe02&amp;scene=27#wechat_redirect,除了985、211，还有这些宝藏高校和专业值得“捡漏”,2024-06-24
