,author,title,content,link,read,like,time
0,,日本首相岸田将辞任，中方表态,"日
本
首
相
岸
田
文
雄
宣
布
不
参
加
自
民
党
总
裁
选
举
，
中
国
外
交
部
回
应
2
0
2
4
年
8
月
1
4
日
外
交
部
发
言
人
林
剑
答
记
者
问
，
部
分
内
容
如
下
。
日
本
朝
日
电
视
台
记
者
：
日
本
首
相
岸
田
文
雄
宣
布
不
参
加
自
民
党
总
裁
选
举
。
对
此
发
言
人
有
何
评
论
？
中
方
如
何
评
价
岸
田
作
为
首
相
三
年
来
的
表
现
？
岸
田
的
辞
职
会
对
中
日
关
系
带
来
什
么
影
响
？
林
剑
：
我
们
注
意
到
有
关
情
况
，
这
是
日
本
内
政
，
中
方
不
作
评
论
。
中
日
两
国
互
为
重
要
近
邻
，
我
们
愿
同
日
方
一
道
，
在
中
日
四
个
政
治
文
件
基
础
上
，
全
面
推
进
两
国
战
略
互
惠
关
系
，
推
动
构
建
契
合
新
时
代
要
求
的
建
设
性
、
稳
定
的
中
日
关
系
。
来
源
|
外
交
部
网
站
审
核
|
郝
珺
石
编
辑
|
张
心
珮
校
对
|
吴
锦
了
解
《
环
球
时
报
》
的
三
观
请
长
按
下
方
二
维
码
关
注
我
们
o
r
回
到
文
章
顶
部
，
点
击
环
球
时
报
（
微
信
公
众
号
I
D
：
h
q
s
b
w
x
）",http://mp.weixin.qq.com/s?__biz=MjM5MDk1NzQzMQ==&mid=2653942533&idx=1&sn=0c9dfddad59e56d3a56a6537b462c697&chksm=bcd548d49cbabaf2c0fec2e315a747de7be1fce5b0b31f083e817940a565bb49a205ab4bf8b1&scene=27#wechat_redirect,19143,95,2024-08-14 20:35:08
1,,外交部：中方对美国大选言论不作评论,"外
交
部
：
中
方
对
美
国
大
选
言
论
不
作
评
论
，
中
国
核
武
库
与
美
国
完
全
不
在
一
个
量
级
2
0
2
4
年
8
月
1
4
日
外
交
部
发
言
人
林
剑
答
记
者
问
，
部
分
内
容
如
下
。
俄
新
社
记
者
：
据
报
道
，
美
国
前
总
统
、
共
和
党
候
选
人
特
朗
普
称
不
排
除
中
国
将
在
核
武
库
方
面
“
赶
上
甚
至
超
过
”
美
国
的
可
能
性
。
他
在
社
交
媒
体
X
平
台
上
接
受
企
业
家
马
斯
克
的
采
访
时
说
：
“
俄
罗
斯
和
美
国
排
在
第
一
位
，
而
中
国
则
远
远
落
后
，
但
毫
不
奇
怪
，
他
们
的
发
展
非
常
迅
速
，
中
国
最
终
将
赶
上
甚
至
可
能
超
过
我
们
。
”
中
方
对
此
有
何
评
论
？
林
剑
：
中
方
对
美
国
大
选
言
论
不
作
评
论
。
中
国
核
武
库
与
美
国
完
全
不
在
一
个
量
级
。
同
时
，
中
国
奉
行
不
首
先
使
用
核
武
器
政
策
，
坚
持
自
卫
防
御
核
战
略
，
始
终
将
自
身
核
力
量
维
持
在
国
家
安
全
需
要
的
最
低
水
平
，
不
与
任
何
人
搞
军
备
竞
赛
。
来
源
|
外
交
部
网
站
审
核
|
郝
珺
石
编
辑
|
张
心
珮
校
对
|
吴
锦
了
解
《
环
球
时
报
》
的
三
观
请
长
按
下
方
二
维
码
关
注
我
们
o
r
回
到
文
章
顶
部
，
点
击
环
球
时
报
（
微
信
公
众
号
I
D
：
h
q
s
b
w
x
）",http://mp.weixin.qq.com/s?__biz=MjM5MDk1NzQzMQ==&mid=2653942533&idx=2&sn=55082d7e73ad9ec7fb2aa81f0ffb36a5&chksm=bc969be2698d159ec54373b6fa574572e257cfd3f36e92e9a47081a58bfe16610637c956dd88&scene=27#wechat_redirect,8215,62,2024-08-14 20:35:08
2,环球时报,欧盟高级官员警告马斯克，然后尴尬了,"据
今
日
俄
罗
斯
电
视
台
（
R
T
）
1
3
日
报
道
，
一
位
欧
盟
高
级
官
员
警
告
美
国
亿
万
富
翁
马
斯
克
不
要
参
与
在
互
联
网
上
散
布
“
有
害
内
容
”
。
随
后
，
欧
盟
发
言
人
表
示
，
欧
盟
委
员
会
主
席
冯
德
莱
恩
并
没
有
批
准
对
美
国
人
发
出
这
种
警
告
。
当
地
时
间
1
2
日
，
在
马
斯
克
与
美
国
总
统
候
选
人
、
前
总
统
特
朗
普
在
X
平
台
上
进
行
直
播
访
谈
之
前
，
负
责
执
行
欧
盟
《
数
字
服
务
法
》
（
D
S
A
）
的
欧
盟
委
员
会
内
部
市
场
专
员
蒂
埃
里
·
布
雷
顿
（
T
h
i
e
r
r
y
B
r
e
t
o
n
）
向
马
斯
克
发
出
一
封
信
，
指
出
马
斯
克
作
为
社
交
平
台
X
的
所
有
人
，
有
法
律
义
务
审
查
其
平
台
上
可
能
存
在
的
“
有
害
内
容
”
，
否
则
欧
盟
会
对
其
采
取
监
管
措
施
。
不
过
，
欧
盟
委
员
会
发
言
人
1
3
日
表
示
，
布
雷
顿
的
上
司
冯
德
莱
恩
没
有
批
准
发
出
这
封
警
告
信
。
欧
盟
委
员
会
发
言
人
周
二
表
示
：
“
这
封
信
的
时
间
和
措
辞
，
没
有
与
（
欧
盟
委
员
会
）
主
席
以
及
（
委
员
们
）
协
调
并
达
成
一
致
。
”
英
国
《
金
融
时
报
》
援
引
一
名
匿
名
官
员
的
话
称
，
布
雷
顿
事
先
并
没
有
寻
求
冯
德
莱
恩
的
批
准
。
“
蒂
埃
里
有
自
己
的
想
法
、
工
作
方
式
和
思
维
方
式
，
”
这
名
官
员
说
。
接
近
布
雷
顿
的
消
息
人
士
告
诉
媒
体
，
这
封
警
告
信
已
经
准
备
了
一
段
时
间
，
但
马
斯
克
与
特
朗
普
的
直
播
访
谈
活
动
为
发
出
这
封
信
提
供
了
一
个
合
适
的
“
触
发
时
间
点
”
。
针
对
这
封
警
告
信
，
马
斯
克
使
用
出
自
2
0
0
8
年
美
国
喜
剧
电
影
《
热
带
惊
雷
》
一
张
带
有
脏
话
的
表
情
包
图
片
作
出
回
应
，
图
片
显
示
，
美
国
演
员
汤
姆
·
克
鲁
斯
扮
演
的
角
色
在
大
喊
：
“
退
后
一
大
步
。
”
与
此
同
时
，
特
朗
普
的
竞
选
团
队
指
责
欧
盟
官
员
此
举
是
“
试
图
干
涉
美
国
总
统
大
选
”
，
并
建
议
欧
盟
管
好
自
己
的
事
。
美
国
政
治
新
闻
网
（
P
o
l
i
t
i
c
o
）
援
引
四
名
不
愿
具
名
欧
盟
官
员
的
话
称
，
欧
盟
方
面
希
望
避
免
出
现
干
涉
美
国
选
举
的
情
况
。
“
欧
盟
不
会
干
涉
选
举
，
”
其
中
一
人
说
。
“
《
数
字
服
务
法
》
的
实
施
太
重
要
了
，
不
能
被
那
些
为
了
寻
找
下
一
份
重
要
工
作
而
出
风
头
的
政
客
所
滥
用
。
”
上
个
月
，
布
雷
顿
宣
布
，
欧
盟
委
员
会
认
定
美
国
社
交
平
台
X
违
反
了
欧
盟
《
数
字
服
务
法
》
，
并
考
虑
对
马
斯
克
名
下
的
这
家
公
司
处
以
巨
额
罚
款
，
除
非
它
同
意
限
制
其
平
台
上
存
在
的
“
仇
恨
言
论
”
和
“
虚
假
信
息
”
。
“
欧
盟
委
员
会
向
X
提
出
了
一
项
非
法
的
秘
密
交
易
：
如
果
我
们
悄
悄
审
查
言
论
而
不
告
诉
任
何
人
，
他
们
就
不
会
对
我
们
罚
款
，
”
马
斯
克
当
时
在
回
应
中
声
称
，
“
其
他
平
台
同
意
了
这
笔
交
易
。
X
没
有
。
”
对
此
，
布
雷
顿
坚
决
否
认
存
在
这
种
提
议
，
但
马
斯
克
表
示
，
他
期
待
“
在
法
庭
上
进
行
一
场
非
常
公
开
的
斗
争
，
以
便
欧
洲
人
民
能
够
知
道
真
相
”
。
R
T
报
道
提
到
，
马
斯
克
在
2
0
2
2
年
1
0
月
出
资
收
购
了
社
交
平
台
X
的
前
身
推
特
。
此
前
，
他
对
该
平
台
对
其
用
户
发
表
言
论
的
限
制
措
施
表
达
过
不
满
。
审
核
|
郝
珺
石
编
辑
|
张
心
珮
校
对
|
吴
锦
了
解
《
环
球
时
报
》
的
三
观
请
长
按
下
方
二
维
码
关
注
我
们
o
r
回
到
文
章
顶
部
，
点
击
环
球
时
报
（
微
信
公
众
号
I
D
：
h
q
s
b
w
x
）",http://mp.weixin.qq.com/s?__biz=MjM5MDk1NzQzMQ==&mid=2653942533&idx=3&sn=795c13fbf9b794413f397c0434ebee02&chksm=bc04b2ca61d0a85558e4e4a3bd4fa12ac6ce291f53f69e9815531580d6e8d30681fd01ca2121&scene=27#wechat_redirect,5346,17,2024-08-14 20:35:08
3,,英国前首相正发言，身后突现一幕……,"英
媒
：
前
首
相
特
拉
斯
正
发
言
，
身
后
突
现
印
有
生
菜
图
和
“
我
搞
垮
了
经
济
”
字
样
的
海
报
据
英
国
《
独
立
报
》
《
每
日
电
讯
报
》
等
媒
体
1
3
日
报
道
，
英
国
前
首
相
特
拉
斯
当
天
在
英
国
萨
福
克
郡
参
加
自
己
一
本
书
的
推
介
会
时
出
现
这
样
一
幕
：
活
动
现
场
她
正
在
发
言
，
身
后
上
方
突
然
出
现
一
张
印
有
生
菜
图
案
的
海
报
。
英
国
《
每
日
电
讯
报
》
等
媒
体
报
道
称
，
特
拉
斯
发
言
时
，
突
然
有
一
张
海
报
从
大
厅
顶
部
慢
慢
落
下
，
海
报
上
印
有
生
菜
图
案
，
配
文
是
“
我
搞
垮
了
经
济
”
。
据
《
每
日
电
讯
报
》
等
英
媒
报
道
，
特
拉
斯
1
3
日
在
活
动
上
发
言
时
，
身
后
突
然
出
现
印
有
生
菜
图
案
的
海
报
。
图
源
：
英
媒
报
道
说
，
特
拉
斯
随
后
转
头
看
了
一
眼
海
报
，
主
持
人
称
“
不
知
道
怎
么
会
出
现
海
报
”
，
现
场
还
传
出
笑
声
。
特
拉
斯
说
了
句
“
这
并
不
好
笑
”
，
随
后
离
开
了
讲
台
。
据
英
国
广
播
公
司
（
B
B
C
）
等
媒
体
此
前
报
道
，
2
0
2
2
年
1
0
月
，
特
拉
斯
突
然
宣
布
辞
去
首
相
职
务
，
她
上
任
仅
4
5
天
便
宣
布
辞
职
，
成
为
英
国
历
史
上
任
职
时
间
最
短
的
首
相
。
英
国
《
经
济
学
人
》
杂
志
网
站
当
时
嘲
讽
称
，
“
特
拉
斯
任
期
还
没
有
生
菜
保
质
期
长
”
。
英
媒
当
时
称
，
特
拉
斯
一
上
任
就
提
出
以
减
税
和
大
规
模
举
债
为
核
心
内
容
的
预
算
案
，
没
想
到
却
导
致
英
国
金
融
市
场
和
英
镑
汇
率
崩
盘
，
民
意
支
持
率
急
转
直
下
，
党
内
也
再
度
陷
入
分
崩
离
析
状
态
。
越
来
越
多
保
守
党
议
员
要
求
首
相
辞
职
，
这
决
定
了
特
拉
斯
的
命
运
。
来
源
|
环
球
网
张
江
平
审
核
|
郝
珺
石
编
辑
|
张
心
珮
校
对
|
吴
锦
了
解
《
环
球
时
报
》
的
三
观
请
长
按
下
方
二
维
码
关
注
我
们
o
r
回
到
文
章
顶
部
，
点
击
环
球
时
报
（
微
信
公
众
号
I
D
：
h
q
s
b
w
x
）",http://mp.weixin.qq.com/s?__biz=MjM5MDk1NzQzMQ==&mid=2653942513&idx=1&sn=675a93351576053b4c4cbc082e1279c6&chksm=bc329721a12a4d895a7c4d991fe9996645d04b61c459d7387446762ef7a5dde995bef09e0729&scene=27#wechat_redirect,100001,719,2024-08-14 19:06:13
4,,谷善庆同志逝世,"正
大
军
区
职
离
休
干
部
、
原
北
京
军
区
政
治
委
员
谷
善
庆
同
志
，
因
病
医
治
无
效
，
于
7
月
2
3
日
在
北
京
逝
世
，
享
年
9
3
岁
。
谷
善
庆
是
辽
宁
省
复
县
（
今
瓦
房
店
市
）
人
，
1
9
4
7
年
入
伍
，
1
9
4
9
年
1
1
月
加
入
中
国
共
产
党
。
解
放
战
争
时
期
，
他
历
任
战
士
、
通
讯
员
、
联
络
员
等
职
，
参
加
了
辽
沈
、
平
津
、
衡
宝
等
战
役
战
斗
。
中
华
人
民
共
和
国
成
立
后
，
他
历
任
文
印
员
、
干
事
、
营
副
政
治
教
导
员
、
助
理
员
、
教
员
、
处
长
、
工
程
指
挥
部
政
治
委
员
、
军
分
区
副
政
治
委
员
、
省
军
区
政
治
委
员
、
广
州
军
区
副
政
治
委
员
、
成
都
军
区
政
治
委
员
等
职
，
参
加
了
广
西
等
战
役
战
斗
，
为
部
队
革
命
化
、
现
代
化
、
正
规
化
建
设
作
出
了
贡
献
。
谷
善
庆
是
中
国
共
产
党
第
十
四
次
全
国
代
表
大
会
代
表
、
第
十
四
届
中
央
委
员
会
委
员
，
第
九
届
全
国
人
民
代
表
大
会
常
务
委
员
会
委
员
、
财
经
委
员
会
委
员
。
他
1
9
8
8
年
被
授
予
少
将
军
衔
，
1
9
9
0
年
晋
升
为
中
将
军
衔
，
1
9
9
4
年
晋
升
为
上
将
军
衔
，
曾
荣
获
解
放
奖
章
和
中
国
人
民
解
放
军
胜
利
功
勋
荣
誉
章
。
来
源
|
新
华
社
审
核
|
郝
珺
石
编
辑
|
张
心
珮
校
对
|
吴
锦
了
解
《
环
球
时
报
》
的
三
观
请
长
按
下
方
二
维
码
关
注
我
们
o
r
回
到
文
章
顶
部
，
点
击
环
球
时
报
（
微
信
公
众
号
I
D
：
h
q
s
b
w
x
）",http://mp.weixin.qq.com/s?__biz=MjM5MDk1NzQzMQ==&mid=2653942513&idx=2&sn=be83958f5f2e58da377f015009ef4775&chksm=bcbad20d24ecb5e6cdaf9bb30bef4a8b4e5b3c030f1389fdbbd5e3d3fb03fe8fb535ce301ef6&scene=27#wechat_redirect,73603,279,2024-08-14 19:06:13
5,,“5年只批了5份，申请庇护的港人大幅减少”,"2
0
2
0
年
香
港
国
安
法
实
施
后
，
部
分
乱
港
分
子
畏
罪
潜
逃
，
一
些
自
知
可
能
触
犯
法
网
的
暴
徒
亦
寻
找
各
种
途
径
申
请
“
庇
护
”
、
移
居
外
国
。
不
过
，
香
港
《
南
华
早
报
》
8
月
1
4
日
最
新
披
露
的
官
方
数
据
显
示
，
澳
大
利
亚
和
英
国
对
港
人
所
谓
庇
护
申
请
的
批
核
率
非
常
低
，
相
关
申
请
数
量
也
自
去
年
年
中
开
始
下
降
，
降
至
2
0
1
9
年
“
修
例
风
波
”
前
水
平
。
报
道
称
，
根
据
澳
大
利
亚
内
政
部
的
最
新
数
据
，
从
2
0
1
9
年
至
2
0
2
4
年
4
月
，
澳
大
利
亚
共
收
到
5
8
4
份
港
人
的
保
护
签
证
申
请
，
但
同
期
只
有
5
份
申
请
获
得
批
准
。
2
0
1
9
年
至
2
0
2
4
年
第
一
季
度
，
英
国
内
政
部
共
收
到
3
3
2
份
港
人
庇
护
申
请
，
同
期
约
有
7
5
份
申
请
获
批
。
两
国
均
有
部
分
申
请
来
自
未
成
年
人
（
澳
大
利
亚
6
6
份
、
英
国
1
8
份
）
。
在
澳
港
人
团
体
称
，
获
批
的
申
请
个
案
都
是
2
0
1
9
年
前
提
交
，
目
前
尚
无
寻
求
庇
护
申
请
的
港
人
接
受
移
民
部
面
谈
，
更
遑
论
获
得
任
何
保
护
签
证
。
报
道
还
注
意
到
，
从
单
月
申
请
数
量
上
来
看
，
港
人
提
交
澳
大
利
亚
保
护
签
证
最
多
的
一
个
月
是
2
0
2
0
年
7
月
，
也
即
香
港
国
安
法
实
施
一
个
月
后
，
当
月
申
请
数
量
达
到
3
4
份
。
英
国
收
到
港
人
庇
护
申
请
数
量
峰
值
则
出
现
在
2
0
2
0
年
第
三
季
度
。
但
自
去
年
年
中
以
来
，
这
两
个
国
家
的
寻
求
庇
护
者
申
请
数
量
急
剧
下
降
。
据
报
道
，
在
英
国
，
从
去
年
第
二
季
度
开
始
，
内
政
部
每
季
度
收
到
的
港
人
庇
护
申
请
不
到
1
0
份
。
在
澳
大
利
亚
，
从
去
年
4
月
到
今
年
4
月
，
内
政
部
大
部
分
月
份
（
1
0
个
月
）
收
到
的
申
请
数
量
都
不
到
5
份
。
报
道
称
，
这
意
味
着
申
请
数
量
降
回
了
2
0
1
9
年
香
港
“
修
例
风
波
”
爆
发
前
的
水
平
。
《
南
华
早
报
》
没
有
试
图
讨
论
上
述
变
化
出
现
的
原
因
，
也
提
醒
无
法
确
定
上
述
被
批
准
的
申
请
究
竟
系
何
时
提
出
，
但
提
到
，
从
澳
大
利
亚
内
政
部
提
供
的
数
据
来
看
，
港
人
庇
护
申
请
的
平
均
处
理
时
间
在
过
去
几
年
急
剧
上
升
，
从
2
0
1
8
至
2
0
1
9
年
度
的
1
9
8
天
，
增
加
到
2
0
2
3
至
2
0
2
4
年
度
（
截
至
4
月
）
的
1
3
4
0
天
，
也
即
三
年
零
八
个
月
之
久
。
期
间
，
有
5
4
份
申
请
被
拒
，
6
1
份
申
请
被
撤
回
。
澳
大
利
亚
港
人
团
体
“
澳
港
联
”
自
称
多
年
来
一
直
帮
助
“
有
需
要
”
港
人
申
请
政
治
庇
护
，
其
主
席
潘
丽
贞
（
J
a
n
e
P
o
o
n
）
对
《
南
华
早
报
》
称
，
据
她
和
一
些
移
民
律
师
所
知
，
近
几
年
获
批
的
申
请
个
案
都
系
2
0
1
9
年
前
提
交
，
与
“
修
例
风
波
”
有
关
的
申
请
个
案
中
，
还
没
有
人
就
其
寻
求
庇
护
申
请
接
受
移
民
部
面
谈
，
更
遑
论
获
得
任
何
保
护
签
证
。
“
澳
大
利
亚
政
府
处
理
申
请
的
时
间
非
常
长
，
大
多
数
人
甚
至
需
要
等
待
四
到
五
年
。
这
种
不
确
定
性
给
申
请
人
的
日
常
生
活
带
来
了
很
大
压
力
，
尤
其
影
响
了
他
们
的
心
理
健
康
。
”
潘
丽
贞
坦
言
，
尽
管
寻
求
庇
护
者
仍
可
在
澳
大
利
亚
工
作
并
享
受
医
疗
福
利
，
但
她
并
不
鼓
励
人
们
提
出
寻
求
庇
护
申
请
，
因
为
申
请
者
要
在
漫
长
等
待
中
“
承
受
巨
大
压
力
”
，
申
请
结
果
又
很
难
预
料
。
澳
大
利
亚
内
政
部
要
求
，
申
请
保
护
签
证
者
须
证
明
自
己
有
“
充
分
理
由
”
担
心
因
可
能
会
遭
受
“
迫
害
”
，
因
此
无
法
或
不
愿
返
回
原
籍
国
。
其
在
相
关
文
件
中
强
调
，
相
关
伤
害
必
须
切
身
而
非
间
接
，
如
生
命
或
自
由
遭
到
威
胁
、
威
胁
生
存
的
严
重
经
济
困
难
等
。
英
国
也
有
类
似
规
定
，
即
申
请
人
必
须
表
明
存
在
迫
害
的
“
真
实
风
险
”
，
或
至
少
证
明
其
一
定
“
合
理
程
度
”
内
的
可
能
性
。
英
国
《
卫
报
》
去
年
1
2
月
曾
报
道
，
多
名
有
被
捕
经
历
的
乱
港
分
子
“
吐
苦
水
”
称
，
英
国
内
政
部
以
各
种
“
荒
谬
”
理
由
驳
回
其
政
治
庇
护
申
请
，
包
括
认
为
申
请
者
仍
能
拿
到
护
照
赴
英
，
恰
恰
证
明
其
在
香
港
并
非
“
真
正
有
危
险
”
等
。
此
前
还
有
港
媒
指
出
，
英
国
的
政
治
庇
护
申
请
过
程
繁
琐
，
包
括
多
次
面
谈
，
加
上
叙
利
亚
及
乌
克
兰
等
难
民
人
数
近
年
增
加
，
英
国
国
内
要
求
减
少
移
民
声
音
增
加
，
只
令
等
候
时
间
更
长
。
加
之
英
方
以
各
种
理
由
拒
绝
或
拖
延
庇
护
申
请
，
有
不
少
申
请
者
等
了
两
三
年
最
终
仍
然
被
拒
。
据
英
国
广
播
公
司
（
B
B
C
）
去
年
9
月
引
述
英
国
内
政
部
统
计
数
据
报
道
，
自
2
0
2
0
年
初
赴
英
寻
求
所
谓
政
治
庇
护
的
港
人
个
案
共
有
2
9
9
宗
，
当
中
未
成
年
者
达
4
4
人
。
同
期
，
英
国
内
政
部
向
港
人
批
出
仅
2
8
宗
难
民
或
人
道
主
义
保
护
身
份
，
拒
绝
4
3
人
的
申
请
，
批
核
率
不
足
一
成
。
此
外
，
美
国
也
被
曝
多
次
拒
绝
乱
港
分
子
的
庇
护
申
请
。
《
南
华
早
报
》
2
0
2
0
年
刊
文
披
露
，
被
控
暴
动
及
袭
警
罪
的
乱
港
暴
徒
曾
志
健
等
4
人
当
年
1
0
月
前
往
美
国
驻
港
澳
总
领
馆
寻
求
庇
护
，
但
被
对
方
“
赶
出
来
”
。
2
0
2
3
年
，
两
名
前
美
媒
驻
港
记
者
在
其
新
书
中
说
，
目
前
正
在
服
刑
的
乱
港
分
子
黄
之
锋
曾
亲
自
向
美
方
乞
求
“
庇
护
”
，
但
被
当
面
拒
绝
。
据
悉
，
黄
之
锋
在
香
港
国
安
法
通
过
当
天
，
前
往
圣
约
翰
大
厦
与
美
国
外
交
官
会
面
，
并
在
会
面
尾
声
称
自
己
不
想
走
，
希
望
进
入
位
于
港
岛
花
园
道
的
美
国
驻
港
总
领
事
馆
。
但
是
，
因
美
国
法
律
规
定
不
能
在
本
土
外
申
请
政
治
庇
护
，
美
国
外
交
官
没
有
答
应
，
只
允
许
其
留
在
圣
约
翰
大
厦
的
办
公
室
，
而
那
里
并
不
享
有
领
事
保
护
。
来
源
|
观
察
者
网
审
核
|
郝
珺
石
编
辑
|
张
心
珮
校
对
|
吴
锦
了
解
《
环
球
时
报
》
的
三
观
请
长
按
下
方
二
维
码
关
注
我
们
o
r
回
到
文
章
顶
部
，
点
击
环
球
时
报
（
微
信
公
众
号
I
D
：
h
q
s
b
w
x
）",http://mp.weixin.qq.com/s?__biz=MjM5MDk1NzQzMQ==&mid=2653942513&idx=3&sn=d45adf0eee48459761d5610af2950ea5&chksm=bccbd8379c0c4f66f3e3db840974ef3c6cc5564da80b294e1f6958b12616a1f4b4c0c07a8680&scene=27#wechat_redirect,30890,146,2024-08-14 19:06:13
6,,泰国宪法法院裁定总理即日解职,"新
华
社
快
讯
：
泰
国
宪
法
法
院
1
4
日
裁
定
总
理
赛
塔
违
宪
，
即
日
解
职
。
图
源
：
央
视
新
闻
客
户
端
5
月
1
6
日
，
泰
国
上
议
院
共
2
5
0
名
议
员
中
的
4
0
人
联
名
向
宪
法
法
院
提
交
了
一
份
要
求
终
止
总
理
赛
塔
和
时
任
总
理
府
部
长
披
集
职
务
的
请
愿
书
。
5
月
2
1
日
，
披
集
辞
去
总
理
府
部
长
职
务
。
来
源
|
新
华
社
、
央
视
新
闻
客
户
端
审
核
|
郝
珺
石
编
辑
|
张
心
珮
校
对
|
于
泽
淼
了
解
《
环
球
时
报
》
的
三
观
请
长
按
下
方
二
维
码
关
注
我
们
o
r
回
到
文
章
顶
部
，
点
击
环
球
时
报
（
微
信
公
众
号
I
D
：
h
q
s
b
w
x
）",http://mp.weixin.qq.com/s?__biz=MjM5MDk1NzQzMQ==&mid=2653942489&idx=1&sn=2c42a59ecf9e4d30b06e79ec9382cc75&chksm=bc35ab692402ac7179ecbafe62f50f55a910789ce8724f5f5c7eea993c0dbb48b9918344c0a9&scene=27#wechat_redirect,47525,165,2024-08-14 17:30:27
7,,孙志刚被控非法收受财物8.13亿余元,"8
月
1
4
日
，
天
津
市
第
二
中
级
人
民
法
院
一
审
公
开
开
庭
审
理
了
第
十
三
届
全
国
人
大
财
政
经
济
委
员
会
原
副
主
任
委
员
、
贵
州
省
委
原
书
记
孙
志
刚
受
贿
一
案
。
天
津
市
人
民
检
察
院
第
二
分
院
起
诉
指
控
：
2
0
0
2
年
下
半
年
至
2
0
2
3
年
8
月
，
被
告
人
孙
志
刚
利
用
担
任
湖
北
省
委
常
委
、
秘
书
长
，
安
徽
省
委
常
委
、
副
省
长
，
国
家
发
展
和
改
革
委
员
会
党
组
成
员
、
副
主
任
，
贵
州
省
委
副
书
记
、
省
长
，
贵
州
省
委
书
记
，
贵
州
省
人
大
常
委
会
主
任
，
第
十
三
届
全
国
人
大
财
政
经
济
委
员
会
副
主
任
委
员
等
职
务
上
的
便
利
以
及
职
权
、
地
位
形
成
的
便
利
条
件
，
为
有
关
单
位
和
个
人
在
推
进
项
目
、
认
购
股
份
、
承
揽
工
程
、
房
地
产
开
发
等
事
项
上
提
供
帮
助
，
直
接
或
通
过
他
人
非
法
收
受
上
述
单
位
和
个
人
给
予
的
财
物
，
共
计
价
值
人
民
币
8
.
1
3
亿
余
元
。
检
察
机
关
提
请
以
受
贿
罪
追
究
孙
志
刚
的
刑
事
责
任
。
庭
审
中
，
检
察
机
关
出
示
了
相
关
证
据
，
被
告
人
孙
志
刚
及
其
辩
护
人
进
行
了
质
证
，
控
辩
双
方
在
法
庭
的
主
持
下
充
分
发
表
了
意
见
，
孙
志
刚
进
行
了
最
后
陈
述
并
当
庭
表
示
认
罪
悔
罪
。
庭
审
最
后
，
法
庭
宣
布
休
庭
，
择
期
宣
判
。
人
大
代
表
、
政
协
委
员
、
新
闻
记
者
及
各
界
群
众
二
十
余
人
旁
听
了
庭
审
。
来
源
|
央
视
新
闻
客
户
端
审
核
|
郝
珺
石
编
辑
|
张
心
珮
校
对
|
于
泽
淼
了
解
《
环
球
时
报
》
的
三
观
请
长
按
下
方
二
维
码
关
注
我
们
o
r
回
到
文
章
顶
部
，
点
击
环
球
时
报
（
微
信
公
众
号
I
D
：
h
q
s
b
w
x
）",http://mp.weixin.qq.com/s?__biz=MjM5MDk1NzQzMQ==&mid=2653942489&idx=2&sn=19f6610e38ac17928b0b566eb6e37b64&chksm=bc37b840ef9e3e8922c19b928b6cac6c976298d29afecb7a368dee37f813c1433b4d0777ebc9&scene=27#wechat_redirect,100001,610,2024-08-14 17:30:27
8,,14岁少女遭训练营教官强奸，警方通报,"江
西
省
赣
州
市
安
远
县
公
安
局
8
月
1
4
日
发
布
警
情
通
报
：
8
月
2
日
1
4
时
许
，
我
局
接
群
众
报
警
称
其
女
儿
杜
某
某
被
强
奸
。
接
警
后
，
公
安
机
关
立
即
组
织
警
力
开
展
调
查
和
案
件
侦
办
工
作
，
于
8
月
4
日
抓
获
犯
罪
嫌
疑
人
王
某
。
目
前
，
王
某
因
涉
嫌
强
奸
罪
已
被
依
法
刑
事
拘
留
，
案
件
正
在
进
一
步
侦
办
中
。
此
前
有
媒
体
报
道
称
，
安
远
县
1
4
岁
少
女
杜
某
某
参
加
训
练
营
疑
被
教
官
性
侵
。
杜
某
某
患
有
重
度
抑
郁
，
遭
性
侵
后
于
8
月
2
日
在
家
长
陪
同
下
报
案
。
8
月
5
日
，
杜
某
某
坠
楼
身
亡
。
来
源
|
安
远
公
安
、
华
商
报
大
风
新
闻
审
核
|
郝
珺
石
编
辑
|
张
心
珮
校
对
|
于
泽
淼
了
解
《
环
球
时
报
》
的
三
观
请
长
按
下
方
二
维
码
关
注
我
们
o
r
回
到
文
章
顶
部
，
点
击
环
球
时
报
（
微
信
公
众
号
I
D
：
h
q
s
b
w
x
）",http://mp.weixin.qq.com/s?__biz=MjM5MDk1NzQzMQ==&mid=2653942489&idx=3&sn=0f405334b314afcabdba093c3a6122a5&chksm=bc417ca501ac3f8b9f82d3e1bcd435067c34572bfba558da02c8a4f9001867890c9459b674fa&scene=27#wechat_redirect,54766,261,2024-08-14 17:30:27
9,,“樊振东孙颖莎取关早田希娜”,"樊
振
东
孙
颖
莎
均
取
关
早
田
希
娜
1
4
日
，
国
乒
运
动
员
樊
振
东
和
孙
颖
莎
均
取
关
日
本
乒
乓
球
运
动
员
早
田
希
娜
。
据
悉
，
早
田
希
娜
在
参
加
完
奥
运
会
回
国
接
受
采
访
时
表
示
，
想
要
参
观
日
本
的
知
览
特
攻
和
平
会
馆
。
据
新
华
社
此
前
报
道
，
位
于
日
本
南
九
州
的
“
知
览
特
攻
和
平
会
馆
”
，
收
集
了
约
1
.
4
万
份
敢
死
队
员
的
遗
物
，
日
本
要
为
这
些
充
斥
着
“
玉
碎
”
“
忠
君
”
字
眼
的
材
料
申
请
“
世
界
记
忆
遗
产
”
，
曾
引
起
世
界
各
国
强
烈
反
应
。
来
源
|
国
是
直
通
车
审
核
|
郝
珺
石
编
辑
|
张
心
珮
校
对
|
于
泽
淼
了
解
《
环
球
时
报
》
的
三
观
请
长
按
下
方
二
维
码
关
注
我
们
o
r
回
到
文
章
顶
部
，
点
击
环
球
时
报
（
微
信
公
众
号
I
D
：
h
q
s
b
w
x
）",http://mp.weixin.qq.com/s?__biz=MjM5MDk1NzQzMQ==&mid=2653942469&idx=1&sn=eaf7df69728494c842a20b497ac22aa3&chksm=bca6e0f1d07a2eab488dc7d6cd8dbcad6bf8d252950bebb0e42c3a0190046323bc0d83d3f042&scene=27#wechat_redirect,100001,2766,2024-08-14 16:43:54
10,,三个厅官，同日被开除,"8
月
1
4
日
，
广
东
省
纪
委
监
委
发
布
三
个
厅
官
被
处
理
的
消
息
：
中
山
市
原
市
长
危
伟
汉
、
韶
关
市
委
原
副
书
记
杨
安
队
，
被
开
除
党
籍
和
公
职
；
原
广
东
省
国
土
资
源
厅
副
巡
视
员
刘
润
荣
被
开
除
党
籍
、
按
规
定
取
消
其
相
应
的
退
休
待
遇
。
同
时
，
收
缴
三
人
的
违
纪
违
法
所
得
；
将
其
涉
嫌
犯
罪
问
题
移
送
检
察
机
关
依
法
审
查
起
诉
，
所
涉
财
物
一
并
移
送
。
危
伟
汉
生
于
1
9
6
5
年
7
月
，
早
期
在
广
州
市
工
作
，
曾
任
广
州
市
海
珠
区
副
区
长
，
黄
埔
区
委
常
委
、
副
区
长
，
广
州
市
政
府
副
秘
书
长
，
广
州
市
城
市
管
理
委
员
会
党
组
书
记
、
主
任
，
广
州
市
荔
湾
区
委
书
记
等
职
。
危
伟
汉
（
资
料
图
）
2
0
1
8
年
，
危
伟
汉
任
中
山
市
委
副
书
记
、
市
长
，
2
0
2
1
年
调
任
广
东
省
退
役
军
人
事
务
厅
党
组
书
记
、
副
厅
长
，
2
0
2
2
年
任
广
东
省
政
协
一
级
巡
视
员
。
2
0
2
3
年
2
月
，
广
东
省
委
、
省
政
府
发
布
《
广
东
省
通
报
第
二
轮
中
央
生
态
环
境
保
护
督
察
移
交
问
题
追
责
问
责
情
况
》
。
其
中
，
因
中
山
市
水
污
染
防
治
失
职
失
责
问
题
，
给
予
时
任
中
山
市
委
副
书
记
、
市
长
危
伟
汉
诫
勉
处
理
。
今
年
4
月
1
9
日
消
息
，
危
伟
汉
涉
嫌
严
重
违
纪
违
法
被
查
。
经
查
，
危
伟
汉
丧
失
理
想
信
念
，
背
弃
初
心
使
命
，
对
党
不
忠
诚
不
老
实
，
对
抗
组
织
审
查
；
无
视
中
央
八
项
规
定
精
神
，
违
规
赠
送
礼
金
；
违
反
组
织
原
则
，
在
组
织
谈
话
时
不
如
实
说
明
问
题
；
廉
洁
底
线
失
守
，
通
过
民
间
借
贷
获
取
大
额
回
报
；
将
公
权
力
当
作
攫
取
私
利
的
工
具
，
大
搞
权
钱
交
易
，
利
用
职
务
上
的
便
利
为
他
人
在
项
目
推
进
、
用
地
审
批
等
方
面
谋
利
，
并
非
法
收
受
巨
额
财
物
。
此
番
同
日
被
“
双
开
”
的
杨
安
队
，
曾
与
危
伟
汉
共
事
。
杨
安
队
（
资
料
图
）
杨
安
队
生
于
1
9
7
2
年
2
月
，
早
期
在
高
校
工
作
，
曾
任
华
南
师
范
大
学
南
海
学
院
副
校
长
，
后
在
中
山
市
工
作
多
年
，
历
任
坦
洲
镇
镇
长
，
东
凤
镇
党
委
书
记
等
职
，
2
0
1
6
年
任
中
山
市
委
常
委
、
中
山
对
口
帮
扶
潮
州
指
挥
部
总
指
挥
，
挂
任
潮
州
市
委
常
委
、
市
政
府
副
市
长
，
2
0
1
8
年
任
中
山
市
委
常
委
、
市
委
政
法
委
书
记
。
2
0
2
0
年
，
杨
安
队
任
茂
名
市
委
常
委
、
常
务
副
市
长
，
2
0
2
1
年
任
韶
关
市
委
副
书
记
，
后
卸
任
，
今
年
6
月
被
查
。
经
查
，
杨
安
队
丧
失
理
想
信
念
，
背
弃
初
心
使
命
，
对
党
不
忠
诚
不
老
实
，
对
抗
组
织
审
查
，
搞
迷
信
活
动
；
无
视
中
央
八
项
规
定
精
神
，
违
规
收
受
礼
品
、
礼
金
；
违
背
组
织
原
则
，
不
按
规
定
报
告
个
人
有
关
事
项
；
廉
洁
底
线
失
守
，
安
排
他
人
支
付
应
由
本
人
支
付
的
费
用
；
大
搞
权
钱
交
易
，
利
用
职
务
便
利
为
他
人
在
招
生
入
学
、
工
程
承
揽
、
土
地
性
质
变
更
等
方
面
谋
利
，
并
非
法
收
受
巨
额
财
物
。
此
次
被
处
理
的
刘
润
荣
，
已
退
休
1
0
年
。
刘
润
荣
（
资
料
图
）
公
开
信
息
显
示
，
2
0
1
4
年
1
月
，
刘
润
荣
被
免
去
广
东
省
国
土
资
源
厅
副
巡
视
员
职
务
，
退
休
。
今
年
6
月
2
8
日
消
息
，
刘
润
荣
被
查
。
经
查
，
刘
润
荣
丧
失
理
想
信
念
，
背
弃
初
心
使
命
，
对
党
不
忠
诚
、
不
老
实
，
对
抗
组
织
审
查
；
廉
洁
底
线
失
守
，
违
规
收
受
礼
金
，
违
规
从
事
营
利
活
动
；
将
公
权
力
异
化
为
谋
取
私
利
的
工
具
，
大
搞
权
钱
交
易
，
利
用
职
务
便
利
为
他
人
在
房
地
产
开
发
、
企
业
经
营
等
方
面
谋
利
，
并
非
法
收
受
巨
额
财
物
。
来
源
|
中
国
新
闻
网
审
核
|
郝
珺
石
编
辑
|
张
心
珮
校
对
|
于
泽
淼
了
解
《
环
球
时
报
》
的
三
观
请
长
按
下
方
二
维
码
关
注
我
们
o
r
回
到
文
章
顶
部
，
点
击
环
球
时
报
（
微
信
公
众
号
I
D
：
h
q
s
b
w
x
）",http://mp.weixin.qq.com/s?__biz=MjM5MDk1NzQzMQ==&mid=2653942469&idx=2&sn=caf61683c34c70f19a42e13e6e2d90a1&chksm=bc4c16d1e1dfead2f002b26483b394aa5b9f6894c72f120bb9dd16eae97cf51c676d29fdca6a&scene=27#wechat_redirect,100001,446,2024-08-14 16:43:54
11,,腾讯紧急回应：假的！,"近
日
，
一
名
黑
客
发
帖
爆
料
称
自
己
窃
取
了
腾
讯
1
4
亿
账
号
信
息
，
引
发
关
注
。
据
外
媒
报
道
，
近
日
一
名
为
“
F
e
n
i
c
e
”
的
黑
客
发
帖
爆
料
称
，
自
己
窃
取
了
腾
讯
1
4
亿
账
号
信
息
，
压
缩
数
据
容
量
为
4
4
G
B
，
解
压
之
后
将
达
到
5
0
0
G
B
。
据
悉
，
该
数
据
库
采
用
J
S
O
N
格
式
包
括
电
子
邮
件
地
址
、
手
机
号
码
和
Q
Q
I
D
等
敏
感
字
段
。
今
日
（
8
月
1
4
日
）
，
微
博
认
证
为
腾
讯
公
关
总
监
的
@
卡
獭
秦
回
应
相
关
话
题
辟
谣
称
：
“
假
的
！
不
属
实
！
”
他
称
，
过
去
两
年
，
类
似
的
虚
假
信
息
被
海
外
黑
客
多
次
反
复
炒
作
。
谣
言
越
来
越
离
谱
，
数
据
口
径
也
不
断
膨
胀
，
出
现
过
7
亿
、
1
2
亿
、
1
4
亿
等
多
个
版
本
，
还
被
恶
意
关
联
到
国
内
多
个
互
联
网
产
品
，
除
了
腾
讯
也
有
其
他
多
个
友
商
“
躺
枪
”
。
今
天
（
1
4
日
）
，
腾
讯
Q
Q
安
全
中
心
回
应
南
都
记
者
称
，
上
述
信
息
并
不
属
实
，
实
为
黑
产
利
用
历
史
资
料
拼
凑
、
注
水
而
成
，
对
公
众
存
在
极
大
误
导
。
来
源
|
南
方
都
市
报
审
核
|
郝
珺
石
编
辑
|
张
心
珮
校
对
|
于
泽
淼
了
解
《
环
球
时
报
》
的
三
观
请
长
按
下
方
二
维
码
关
注
我
们
o
r
回
到
文
章
顶
部
，
点
击
环
球
时
报
（
微
信
公
众
号
I
D
：
h
q
s
b
w
x
）",http://mp.weixin.qq.com/s?__biz=MjM5MDk1NzQzMQ==&mid=2653942469&idx=3&sn=a8dab72224fd38dbefdd8c5344bb5081&chksm=bcdc4af90dd22fe30dc6382674be40cb138c47733ffab916f31edc2c4bdfd55863f49aeab76e&scene=27#wechat_redirect,57514,151,2024-08-14 16:43:54
12,,岸田下台，都有谁会参选？,"据
日
本
共
同
社
8
月
1
4
日
报
道
，
日
本
首
相
岸
田
文
雄
1
4
日
上
午
在
官
邸
召
开
记
者
会
，
正
式
宣
布
不
参
加
9
月
的
自
民
党
总
裁
选
举
。
始
于
2
0
2
1
年
1
0
月
的
岸
田
内
阁
将
于
秋
季
解
散
，
任
期
不
满
三
年
。
自
民
党
将
在
总
裁
选
举
中
选
出
继
任
者
。
报
道
称
，
自
民
党
内
早
就
出
现
了
希
望
换
掉
岸
田
的
呼
声
，
认
为
岸
田
带
领
下
的
下
届
众
院
选
举
难
免
陷
入
困
境
。
继
前
首
相
菅
义
伟
之
后
，
岸
田
成
为
又
一
位
不
得
不
放
弃
参
加
党
总
裁
选
举
的
现
任
首
相
。
8
月
1
4
日
，
日
本
首
相
岸
田
文
雄
在
东
京
举
行
记
者
会
。
（
路
透
社
）
关
于
党
总
裁
选
举
，
自
民
党
前
干
事
长
石
破
茂
事
实
上
已
表
明
有
意
参
选
。
数
字
相
河
野
太
郎
也
向
副
总
裁
麻
生
太
郎
表
达
了
参
选
意
愿
。
干
事
长
茂
木
敏
充
、
前
环
境
相
小
泉
进
次
郎
、
前
经
济
安
全
保
障
担
当
相
小
林
鹰
之
、
经
济
安
全
担
当
相
高
市
早
苗
也
获
得
了
支
持
。
从
左
至
右
：
小
泉
进
次
郎
、
石
破
茂
、
茂
木
敏
充
、
河
野
太
郎
、
高
市
早
苗
报
道
提
到
，
岸
田
在
任
天
数
到
4
月
超
越
已
故
前
首
相
桥
本
龙
太
郎
，
在
战
后
首
相
中
位
列
第
八
位
。
来
源
|
参
考
消
息
审
核
|
郝
珺
石
编
辑
|
徐
铉
校
对
|
于
泽
淼
了
解
《
环
球
时
报
》
的
三
观
请
长
按
下
方
二
维
码
关
注
我
们
o
r
回
到
文
章
顶
部
，
点
击
环
球
时
报
（
微
信
公
众
号
I
D
：
h
q
s
b
w
x
）",http://mp.weixin.qq.com/s?__biz=MjM5MDk1NzQzMQ==&mid=2653942447&idx=1&sn=20a86f051fc3aea89d16464a3fa70058&chksm=bc6ea8b2af51a35dd5e3ddac8480042087789ae6081aece5c1e0bc8befb083fc8d700229a726&scene=27#wechat_redirect,49571,184,2024-08-14 15:18:09
13,,因巴黎奥运出名后，他被控谋杀,"宣
称
抵
制
巴
黎
奥
运
出
名
后
，
美
餐
饮
集
团
老
板
被
控
谋
杀
未
遂
等
罪
名
据
英
国
《
每
日
邮
报
》
1
3
日
报
道
，
美
国
俄
亥
俄
州
一
个
餐
饮
集
团
的
老
板
此
前
因
为
高
调
宣
布
抵
制
巴
黎
奥
运
会
而
备
受
关
注
，
如
今
他
却
正
面
临
包
括
谋
杀
未
遂
在
内
的
一
系
列
严
重
的
刑
事
罪
名
指
控
。
报
道
称
，
这
名
餐
馆
老
板
名
叫
鲍
比
·
乔
治
，
今
年
4
3
岁
，
在
俄
亥
俄
州
的
克
利
夫
兰
和
哥
伦
布
等
地
拥
有
多
家
酒
吧
、
餐
馆
和
商
铺
。
上
个
月
，
巴
黎
奥
运
会
开
幕
式
上
的
一
段
表
演
被
认
为
与
世
界
名
画
《
最
后
的
晚
餐
》
高
度
类
似
而
引
发
争
议
，
乔
治
认
为
这
场
演
出
“
侮
辱
了
基
督
教
信
仰
”
，
宣
布
其
名
下
产
业
将
抵
制
巴
黎
奥
运
会
，
他
因
此
成
为
当
地
新
闻
人
物
。
鲍
比
·
乔
治
图
源
：
美
国
俄
亥
俄
州
凯
霍
加
县
监
狱
而
在
本
周
，
乔
治
向
当
地
警
方
自
首
，
原
因
是
他
被
控
谋
杀
未
遂
、
绑
架
、
勒
颈
、
殴
打
和
强
奸
等
多
项
罪
名
，
被
指
涉
嫌
在
2
0
2
3
年
1
1
月
至
2
0
2
4
年
7
月
期
间
虐
待
一
名
女
子
。
当
地
媒
体
援
引
逮
捕
令
的
说
法
称
，
受
害
者
称
她
与
乔
治
居
住
在
一
起
，
遭
受
了
包
括
被
对
方
拿
枪
指
着
并
殴
打
在
内
的
一
系
列
虐
待
。
报
道
称
，
其
中
乔
治
被
指
在
几
起
独
立
事
件
中
对
这
名
女
子
造
成
多
处
身
体
伤
害
，
但
他
否
认
了
全
部
指
控
。
逮
捕
令
称
，
2
0
2
3
年
1
1
月
，
乔
治
据
称
将
受
害
者
按
倒
在
地
，
并
用
手
勒
住
她
的
脖
子
，
“
使
她
无
法
呼
吸
或
移
动
”
。
与
此
同
时
，
乔
治
还
多
次
猛
击
受
害
者
的
头
部
，
导
致
她
“
视
力
模
糊
、
耳
鸣
和
耳
朵
出
血
”
。
乔
治
名
下
公
司
的
执
业
护
士
对
受
害
者
进
行
了
治
疗
，
并
诊
断
出
她
患
有
脑
震
荡
后
综
合
症
。
在
另
一
起
事
件
中
，
乔
治
被
指
尾
随
受
害
人
进
入
汽
车
，
然
后
用
枪
指
着
她
，
把
枪
抵
在
她
的
肚
子
上
，
然
后
把
她
带
回
自
己
的
住
处
。
今
年
6
月
8
日
至
1
0
日
期
间
，
乔
治
还
被
指
控
将
毛
巾
塞
进
受
害
者
的
喉
咙
。
而
当
这
名
女
子
开
始
为
了
活
命
而
祈
祷
时
，
他
据
称
说
：
“
你
认
为
上
帝
会
帮
助
你
吗
？
”
据
报
道
，
逮
捕
令
还
详
细
描
述
了
乔
治
试
图
勒
死
这
名
女
子
的
情
况
，
但
乔
治
否
认
了
这
些
指
控
。
他
还
被
指
控
在
她
洗
完
澡
后
对
她
实
施
强
奸
，
据
称
在
一
次
争
吵
中
，
他
把
她
扔
进
了
壁
橱
。
据
《
每
日
邮
报
》
报
道
，
乔
治
和
他
的
家
人
此
前
是
俄
亥
俄
州
餐
饮
业
的
知
名
人
物
，
而
他
在
宣
布
抵
制
巴
黎
奥
运
会
后
上
了
新
闻
报
道
。
在
乔
治
本
周
自
首
后
，
克
利
夫
兰
市
检
方
发
表
声
明
称
：
“
这
是
一
个
涉
及
多
起
事
件
的
案
件
，
在
作
出
起
诉
决
定
之
前
，
已
经
收
集
了
多
份
证
据
…
…
有
必
要
让
公
众
知
道
，
这
起
案
件
是
按
照
标
准
程
序
处
理
的
，
就
像
任
何
其
他
案
件
一
样
—
—
无
论
被
告
的
姓
名
、
头
衔
或
职
业
如
何
。
调
查
仍
在
进
行
中
。
”
审
核
|
郝
珺
石
编
辑
|
徐
铉
校
对
|
于
泽
淼
了
解
《
环
球
时
报
》
的
三
观
请
长
按
下
方
二
维
码
关
注
我
们
o
r
回
到
文
章
顶
部
，
点
击
环
球
时
报
（
微
信
公
众
号
I
D
：
h
q
s
b
w
x
）",http://mp.weixin.qq.com/s?__biz=MjM5MDk1NzQzMQ==&mid=2653942447&idx=2&sn=e21e6f2c67ffdc6cc9bf612d7f3d0166&chksm=bce8203c30958f5bac9632fbaca2e7ac788e56f87738a647bb5539876c27f01fc3ea914b7a7e&scene=27#wechat_redirect,55603,144,2024-08-14 15:18:09
14,,最新放假调休通知,"好
消
息
！
下
个
月
就
要
放
假
了
！
中
秋
节
9
月
1
5
日
至
9
月
1
7
日
放
假
调
休
共
3
天
9
月
1
4
日
（
星
期
六
）
上
班
注
意
：
根
据
《
国
务
院
关
于
批
转
交
通
运
输
部
等
部
门
重
大
节
假
日
免
收
小
型
客
车
通
行
费
实
施
方
案
的
通
知
》
高
速
免
费
通
行
的
时
间
范
围
为
春
节
、
清
明
节
、
劳
动
节
、
国
庆
节
四
个
国
家
法
定
节
假
日
所
以
中
秋
节
假
期
高
速
不
免
费
哦
！
除
了
中
秋
节
外
今
年
还
有
↓
↓
国
庆
节
1
0
月
1
日
至
1
0
月
7
日
放
假
调
休
共
7
天
9
月
2
9
日
（
星
期
日
）
、
1
0
月
1
2
日
（
星
期
六
）
上
班
来
源
|
中
国
政
府
网
、
国
务
院
小
程
序
审
核
|
郝
珺
石
编
辑
|
徐
铉
校
对
|
于
泽
淼
了
解
《
环
球
时
报
》
的
三
观
请
长
按
下
方
二
维
码
关
注
我
们
o
r
回
到
文
章
顶
部
，
点
击
环
球
时
报
（
微
信
公
众
号
I
D
：
h
q
s
b
w
x
）",http://mp.weixin.qq.com/s?__biz=MjM5MDk1NzQzMQ==&mid=2653942447&idx=3&sn=865c796b85e311a4d68cbb8ccafe4f87&chksm=bcca80047dc8eebbffbe49e758241f86d835ddf0cff39a3bfbf952cbb9c67a60ac6c3b4982e5&scene=27#wechat_redirect,51891,139,2024-08-14 15:18:09
15,环球时报,乌克兰：无意“接管”俄领土,"俄
称
继
续
击
退
入
侵
俄
领
土
企
图
，
乌
称
无
意
“
接
管
”
俄
领
土
据
美
联
社
8
月
1
4
日
报
道
，
俄
罗
斯
国
防
部
当
地
时
间
1
3
日
称
，
俄
军
继
续
击
退
乌
克
兰
武
装
部
队
入
侵
俄
库
尔
斯
克
州
的
企
图
。
而
乌
克
兰
外
交
部
发
言
人
表
示
，
乌
克
兰
无
意
“
接
管
”
俄
罗
斯
领
土
。
俄
罗
斯
国
防
部
1
3
日
发
布
通
报
称
，
俄
罗
斯
武
装
部
队
在
继
续
击
退
乌
军
深
入
俄
领
土
发
动
袭
击
的
企
图
。
过
去
2
4
小
时
，
“
北
方
”
集
团
军
和
陆
续
抵
达
的
预
备
役
军
队
、
陆
军
航
空
兵
、
无
人
机
和
炮
兵
部
队
积
极
行
动
，
阻
止
了
乌
军
装
甲
机
动
部
队
深
入
俄
罗
斯
境
内
。
同
一
天
，
乌
克
兰
外
交
部
发
言
人
赫
奥
尔
希
·
季
希
伊
（
H
e
o
r
h
i
i
T
y
k
h
y
i
）
表
示
，
乌
军
越
境
入
侵
俄
罗
斯
领
土
的
行
动
，
旨
在
保
护
乌
克
兰
目
标
免
受
来
自
库
尔
斯
克
州
的
远
程
打
击
。
《
乌
克
兰
真
理
报
》
称
，
季
希
伊
在
1
3
日
举
行
的
新
闻
发
布
会
上
强
调
，
乌
克
兰
无
意
“
接
管
”
俄
库
尔
斯
克
州
的
领
土
，
这
次
行
动
的
目
标
是
阻
止
俄
方
向
顿
涅
茨
克
地
区
增
派
部
队
，
并
使
俄
军
的
后
勤
工
作
复
杂
化
。
“
乌
克
兰
对
接
管
库
尔
斯
克
州
的
领
土
不
感
兴
趣
，
我
们
想
保
护
我
们
人
民
的
生
命
…
…
保
护
乌
克
兰
领
土
免
受
俄
罗
斯
的
袭
击
，
”
他
说
。
季
希
伊
还
称
，
今
年
入
夏
以
来
，
俄
军
从
库
尔
斯
克
州
对
乌
克
兰
苏
梅
地
区
发
动
了
2
0
0
0
多
次
袭
击
，
使
用
了
2
5
5
枚
制
导
航
空
炸
弹
和
1
0
0
多
枚
导
弹
，
“
因
此
，
有
必
要
动
用
乌
克
兰
武
装
部
队
，
让
俄
军
无
法
利
用
这
些
边
境
地
区
袭
击
乌
克
兰
”
。
他
还
称
，
乌
克
兰
正
在
库
尔
斯
克
州
实
现
“
相
关
目
标
”
，
并
将
继
续
这
样
做
。
美
联
社
称
，
在
乌
克
兰
总
统
泽
连
斯
基
1
3
日
在
社
交
平
台
发
布
的
一
段
视
频
中
，
乌
武
装
部
队
总
司
令
瑟
尔
斯
基
表
示
，
乌
军
目
前
已
控
制
库
尔
斯
克
州
7
4
个
定
居
点
。
他
还
称
，
乌
军
在
继
续
推
进
，
在
过
去
2
4
小
时
内
控
制
了
超
过
4
0
多
平
方
公
里
的
俄
罗
斯
领
土
。
按
照
乌
克
兰
军
方
的
说
法
，
自
8
月
6
日
开
始
发
起
越
境
袭
击
以
来
，
乌
军
已
控
制
大
约
1
0
0
0
平
方
公
里
的
俄
罗
斯
领
土
。
美
联
社
援
引
总
部
位
于
华
盛
顿
特
区
的
智
库
战
争
研
究
所
的
说
法
称
，
通
过
地
理
定
位
现
场
视
频
可
以
判
定
，
乌
克
兰
军
队
已
从
边
境
推
进
了
最
多
2
4
公
里
。
报
道
称
，
俄
罗
斯
国
防
部
似
乎
也
佐
证
了
这
一
判
断
，
该
部
门
1
3
日
表
示
，
俄
军
击
退
了
乌
克
兰
第
8
2
空
降
突
击
旅
向
马
尔
丁
诺
夫
卡
（
M
a
r
t
y
n
o
v
k
a
）
居
民
点
方
向
发
起
的
攻
势
，
该
地
距
离
乌
克
兰
边
境
大
约
就
是
这
么
远
。
按
照
俄
国
防
部
的
说
法
，
自
8
月
6
日
越
境
袭
击
开
始
以
来
，
乌
军
损
失
了
2
0
3
0
名
士
兵
、
3
5
辆
坦
克
、
3
1
辆
装
甲
运
兵
车
、
1
8
辆
步
兵
战
车
、
1
7
9
辆
装
甲
车
、
7
8
辆
机
动
车
、
4
套
防
空
导
弹
系
统
、
2
套
多
管
火
箭
发
射
系
统
和
1
4
门
野
战
火
炮
。
审
核
|
郝
珺
石
编
辑
|
徐
铉
校
对
|
于
泽
淼
了
解
《
环
球
时
报
》
的
三
观
请
长
按
下
方
二
维
码
关
注
我
们
o
r
回
到
文
章
顶
部
，
点
击
环
球
时
报
（
微
信
公
众
号
I
D
：
h
q
s
b
w
x
）",http://mp.weixin.qq.com/s?__biz=MjM5MDk1NzQzMQ==&mid=2653942433&idx=1&sn=327fc0b3ac8c4a9c5a3526e01b594dfc&chksm=bc6c36250a7c988f1ac585427a97c3ba88173f6cb243ad7b4eedb77f9244815592afcafb5452&scene=27#wechat_redirect,100001,469,2024-08-14 14:06:39
16,,中方强烈谴责！“这种行为令人发指”,"中
方
强
烈
谴
责
以
军
袭
击
加
沙
学
校
，
呼
吁
立
即
停
火
中
国
常
驻
联
合
国
代
表
傅
聪
在
1
3
日
安
理
会
紧
急
会
议
上
表
示
，
上
周
以
色
列
袭
击
加
沙
学
校
夺
去
了
上
百
名
无
辜
平
民
的
生
命
，
中
方
予
以
强
烈
谴
责
。
平
民
及
民
用
设
施
不
能
成
为
军
事
行
动
的
目
标
，
这
是
国
际
人
道
法
规
定
的
红
线
。
有
大
量
平
民
聚
集
的
学
校
一
而
再
、
再
而
三
地
遭
到
袭
击
，
这
种
行
为
令
人
发
指
。
立
即
实
现
持
久
停
火
是
加
沙
民
众
的
迫
切
期
盼
，
也
是
国
际
社
会
压
倒
性
共
识
。
中
国
常
驻
联
合
国
代
表
傅
聪
：
美
国
在
两
个
月
前
推
动
安
理
会
第
2
7
3
5
号
决
议
时
，
声
称
以
色
列
已
经
接
受
停
火
协
议
，
但
现
实
却
恰
恰
相
反
，
我
们
没
有
看
到
以
色
列
致
力
于
停
火
的
可
信
迹
象
，
反
而
是
不
断
扩
大
的
军
事
行
动
，
不
断
攀
升
的
平
民
死
伤
。
美
国
作
为
最
大
的
武
器
供
应
方
，
对
以
色
列
有
足
够
的
影
响
力
。
我
们
希
望
美
国
拿
出
真
诚
负
责
任
的
行
动
，
推
动
以
色
列
尽
早
停
止
在
加
沙
的
军
事
行
动
，
停
止
对
平
民
的
杀
戮
。
中
方
敦
促
保
障
人
道
物
资
大
规
模
安
全
准
入
傅
聪
表
示
，
中
方
敦
促
以
色
列
履
行
国
际
人
道
法
义
务
开
放
全
部
过
境
点
，
保
障
人
道
物
资
快
速
大
规
模
安
全
准
入
。
对
以
色
列
士
兵
对
巴
勒
斯
坦
被
扣
押
人
员
实
施
性
虐
待
事
件
，
中
方
表
示
严
重
关
切
，
呼
吁
进
行
调
查
和
追
责
。
中
方
敦
促
以
色
列
立
即
停
止
一
切
定
居
点
活
动
，
切
实
遏
制
愈
演
愈
烈
的
定
居
者
暴
力
，
停
止
侵
蚀
两
国
方
案
的
基
础
。
中
国
常
驻
联
合
国
代
表
傅
聪
：
近
日
以
色
列
高
层
政
治
人
物
称
“
让
2
0
0
万
加
沙
民
众
饿
死
是
合
理
且
合
乎
道
德
的
”
，
这
种
骇
人
听
闻
的
言
论
完
全
不
可
接
受
，
饥
饿
不
能
成
为
武
器
，
人
道
问
题
不
能
政
治
化
，
平
民
生
命
不
能
成
为
谈
判
的
筹
码
。
傅
聪
还
指
出
，
加
沙
冲
突
的
负
面
影
响
加
速
扩
散
，
中
东
地
区
局
势
已
经
岌
岌
可
危
。
但
与
此
同
时
，
不
负
责
任
的
挑
衅
、
冒
险
行
径
仍
在
频
繁
发
生
，
我
们
对
此
深
感
忧
虑
。
中
方
重
申
，
避
免
局
势
恶
化
升
级
的
关
键
在
于
尽
快
实
现
加
沙
全
面
持
久
停
火
，
中
方
愿
同
国
际
社
会
一
道
，
为
早
日
平
息
加
沙
战
火
缓
解
人
道
灾
难
，
落
实
两
国
方
案
，
实
现
中
东
长
治
久
安
做
出
不
懈
的
努
力
。
来
源
|
央
视
新
闻
客
户
端
审
核
|
郝
珺
石
编
辑
|
徐
铉
校
对
|
于
泽
淼
了
解
《
环
球
时
报
》
的
三
观
请
长
按
下
方
二
维
码
关
注
我
们
o
r
回
到
文
章
顶
部
，
点
击
环
球
时
报
（
微
信
公
众
号
I
D
：
h
q
s
b
w
x
）",http://mp.weixin.qq.com/s?__biz=MjM5MDk1NzQzMQ==&mid=2653942433&idx=2&sn=173ec1b18450b2928131b3701f390733&chksm=bce4a21e7557911752ba7a83afca18cfe68a0626c7837ee25afa8d25724fd893a29903863755&scene=27#wechat_redirect,100001,876,2024-08-14 14:06:39
17,,突发：俄罗斯一地进入紧急状态,"当
地
时
间
8
月
1
4
日
，
俄
罗
斯
别
尔
哥
罗
德
州
州
长
格
拉
德
科
夫
宣
布
该
州
进
入
“
地
区
级
紧
急
状
态
”
，
以
加
强
对
民
众
的
保
护
。
格
拉
德
科
夫
称
，
由
于
乌
克
兰
军
队
每
天
都
袭
击
平
民
，
导
致
当
地
房
屋
被
毁
、
人
员
伤
亡
。
格
拉
德
科
夫
表
示
计
划
继
续
向
政
府
提
出
要
求
，
使
该
州
进
入
“
联
邦
级
紧
急
状
态
”
。
别
尔
哥
罗
德
州
与
乌
克
兰
接
壤
。
根
据
俄
罗
斯
别
尔
哥
罗
德
州
政
府
1
2
日
公
布
的
消
息
，
由
于
乌
克
兰
军
队
在
边
境
地
区
的
“
活
动
”
，
该
州
克
拉
斯
诺
亚
鲁
日
斯
基
区
已
经
疏
散
1
.
1
万
名
居
民
。
来
源
|
央
视
新
闻
客
户
端
审
核
|
郝
珺
石
编
辑
|
徐
铉
校
对
|
于
泽
淼
了
解
《
环
球
时
报
》
的
三
观
请
长
按
下
方
二
维
码
关
注
我
们
o
r
回
到
文
章
顶
部
，
点
击
环
球
时
报
（
微
信
公
众
号
I
D
：
h
q
s
b
w
x
）",http://mp.weixin.qq.com/s?__biz=MjM5MDk1NzQzMQ==&mid=2653942433&idx=3&sn=845277e2dee2df62110e7665e6477239&chksm=bc803f21296bc23bde2c96aefe8fb0a62a5fef57739fd54e74286373cb4d6aa9ee7a0c792bc8&scene=27#wechat_redirect,46035,166,2024-08-14 14:06:39
18,,岸田文雄将辞任，原因曝光,"日
本
媒
体
当
地
时
间
1
4
日
报
道
称
，
日
本
首
相
岸
田
文
雄
向
自
民
党
内
干
部
表
达
了
不
参
加
9
月
即
将
举
行
的
自
民
党
总
裁
选
举
的
意
向
。
日
本
媒
体
报
道
称
，
岸
田
文
雄
预
计
将
在
自
民
党
选
举
产
生
新
总
裁
后
，
辞
去
首
相
职
务
。
当
地
时
间
1
1
时
3
0
分
岸
田
文
雄
举
行
记
者
会
。
新
总
裁
选
出
后
岸
田
文
雄
预
计
将
辞
去
首
相
职
务
当
地
时
间
1
4
日
，
日
媒
称
日
本
首
相
岸
田
文
雄
向
自
民
党
干
部
表
达
将
不
参
加
自
民
党
总
裁
选
举
。
据
知
情
人
士
透
露
，
岸
田
文
雄
做
出
这
一
决
定
的
原
因
是
因
为
有
人
要
为
自
民
党
“
政
治
黑
金
”
事
件
承
担
责
任
。
岸
田
文
雄
作
为
日
本
现
任
执
政
联
盟
中
最
大
政
党
总
裁
同
时
也
出
任
日
本
首
相
，
据
悉
，
岸
田
文
雄
将
在
9
月
日
本
自
民
党
总
裁
选
举
后
辞
去
首
相
职
务
。
日
本
现
任
首
相
岸
田
文
雄
1
9
5
7
年
7
月
生
于
东
京
，
1
9
8
2
年
从
早
稻
田
大
学
毕
业
入
职
日
本
长
期
信
用
银
行
，
1
9
9
3
年
首
次
当
选
众
议
院
议
员
，
2
0
0
7
年
首
次
进
入
内
阁
并
担
任
负
责
冲
绳
及
北
方
对
策
等
事
务
的
内
阁
府
特
命
担
当
大
臣
。
2
0
1
2
年
1
2
月
，
岸
田
文
雄
被
时
任
首
相
安
倍
晋
三
任
命
为
外
务
大
臣
。
2
0
2
1
年
8
月
，
安
倍
晋
三
突
然
宣
布
辞
职
后
，
岸
田
文
雄
接
任
日
本
自
民
党
总
裁
，
并
于
同
年
1
0
月
当
选
日
本
第
1
0
0
任
首
相
。
“
政
治
黑
金
”
丑
闻
或
为
岸
田
不
参
选
原
因
之
一
去
年
1
1
月
，
自
民
党
内
曝
出
“
黑
金
”
丑
闻
。
自
民
党
多
个
派
阀
被
曝
向
下
属
国
会
议
员
下
达
销
售
指
标
，
要
求
他
们
出
售
政
治
筹
款
派
对
券
。
如
果
超
过
销
售
指
标
，
多
出
的
资
金
将
以
“
回
扣
”
形
式
返
还
议
员
。
“
黑
金
”
丑
闻
持
续
发
酵
，
自
民
党
“
岸
田
派
”
“
安
倍
派
”
和
“
二
阶
派
”
等
派
阀
解
散
。
在
日
本
各
大
民
意
调
查
中
表
明
，
该
事
件
导
致
岸
田
内
阁
的
支
持
率
迅
速
下
滑
，
同
时
日
本
选
民
对
于
近
期
通
货
膨
胀
和
日
元
贬
值
感
到
沮
丧
，
这
可
能
是
岸
田
文
雄
不
参
加
这
次
自
民
党
总
裁
选
举
的
重
要
原
因
之
一
。
来
源
|
央
视
新
闻
客
户
端
审
核
|
郝
珺
石
编
辑
|
徐
铉
校
对
|
郭
炜
桐
了
解
《
环
球
时
报
》
的
三
观
请
长
按
下
方
二
维
码
关
注
我
们
o
r
回
到
文
章
顶
部
，
点
击
环
球
时
报
（
微
信
公
众
号
I
D
：
h
q
s
b
w
x
）",http://mp.weixin.qq.com/s?__biz=MjM5MDk1NzQzMQ==&mid=2653942418&idx=1&sn=452ad9c991211b44c1286ceda6809ee2&chksm=bcd94c379d56a24a4a1e9544a29cbac5343311f12ce39c9b218561fa7d2b217fffba753fb537&scene=27#wechat_redirect,100001,1027,2024-08-14 12:34:26
19,,日照警方通报“蒙面男子抢劫金店”,"8
月
1
3
日
晚
，
有
居
民
反
映
山
东
日
照
五
莲
县
一
名
蒙
面
男
子
抢
劫
金
店
后
逃
跑
。
附
近
商
户
称
劫
匪
是
一
个
人
，
手
上
持
有
钝
器
，
戴
着
口
罩
和
帽
子
。
网
传
现
场
视
频
截
图
8
月
1
4
日
，
五
莲
县
公
安
局
就
此
事
发
布
警
情
通
报
，
称
事
情
发
生
于
1
3
日
2
1
时
许
，
现
场
无
人
员
伤
亡
。
通
报
中
表
示
，
接
报
警
后
，
公
安
机
关
迅
速
开
展
侦
查
工
作
，
于
1
4
日
9
时
许
，
将
流
窜
作
案
的
犯
罪
嫌
疑
人
张
某
某
（
男
，
4
4
岁
）
抓
获
归
案
，
涉
案
财
物
已
追
回
。
目
前
案
件
正
在
进
一
步
侦
办
中
。
来
源
|
综
合
自
五
莲
公
安
审
核
|
郝
珺
石
编
辑
|
徐
铉
校
对
|
郭
炜
桐
了
解
《
环
球
时
报
》
的
三
观
请
长
按
下
方
二
维
码
关
注
我
们
o
r
回
到
文
章
顶
部
，
点
击
环
球
时
报
（
微
信
公
众
号
I
D
：
h
q
s
b
w
x
）",http://mp.weixin.qq.com/s?__biz=MjM5MDk1NzQzMQ==&mid=2653942418&idx=2&sn=6690854af11b4879e95c420c6262faea&chksm=bcbad09d5216531c916ed06faeeb31030008846e46cab1709376d2f20d5f2b8c9dc27566f643&scene=27#wechat_redirect,76470,347,2024-08-14 12:34:26
20,,贾玲胜诉,"如
今
，
“
明
星
代
言
”
“
明
星
推
荐
”
是
商
家
提
升
销
量
的
法
宝
之
一
。
然
而
，
未
经
明
星
授
权
，
使
用
明
星
肖
像
“
蹭
热
度
”
“
引
流
量
”
将
构
成
侵
权
。
近
日
，
知
名
演
员
、
导
演
贾
玲
成
功
起
诉
了
一
家
黑
咖
啡
生
产
商
，
获
得
了
1
0
万
元
的
赔
偿
。
各
种
自
称
是
“
贾
玲
同
款
”
的
品
牌
侵
犯
贾
玲
肖
像
权
黑
咖
啡
上
使
用
侵
权
拳
击
照
贾
玲
起
诉
索
赔
3
0
万
2
0
2
4
年
2
月
，
由
贾
玲
执
导
并
主
演
的
电
影
《
热
辣
滚
烫
》
在
中
国
内
地
上
映
，
电
影
中
励
志
减
肥
的
故
事
她
激
励
着
众
多
爱
美
人
士
。
随
后
，
一
批
打
着
“
贾
玲
同
款
”
旗
号
的
商
家
未
经
其
同
意
将
贾
玲
形
象
用
于
广
告
宣
传
。
贾
玲
诉
称
，
2
0
2
4
年
4
月
，
其
发
现
安
徽
某
某
健
康
产
业
发
展
有
限
公
司
在
未
经
同
意
的
情
况
下
，
在
公
司
生
产
的
名
为
“
贾
女
士
黑
咖
啡
”
的
包
装
上
印
有
其
肖
像
。
“
被
告
误
导
大
众
，
造
成
原
告
为
其
代
言
的
假
象
牟
利
。
原
告
作
为
有
一
定
知
名
度
的
演
艺
人
士
，
肖
像
具
有
一
定
的
商
业
价
值
。
”
贾
玲
称
，
被
告
利
用
她
的
肖
像
价
值
吸
引
用
户
前
去
消
费
，
进
而
获
取
商
业
利
益
，
却
是
以
损
害
她
的
许
可
权
以
及
损
害
其
肖
像
权
为
前
提
，
此
种
行
为
已
经
严
重
侵
犯
她
的
合
法
权
益
。
据
此
，
贾
玲
起
诉
至
法
院
，
要
求
安
徽
某
某
健
康
产
业
发
展
有
限
公
司
停
止
侵
权
(
包
括
并
不
限
于
删
除
相
关
宣
传
页
面
、
销
毁
侵
权
物
料
等
)
；
登
报
赔
礼
道
歉
；
赔
偿
经
济
损
失
及
合
理
维
权
成
本
共
计
3
0
万
元
。
法
院
：
停
止
侵
权
赔
偿
1
0
万
经
济
损
失
安
徽
某
某
健
康
产
业
发
展
有
限
公
司
辩
称
，
不
同
意
贾
玲
的
诉
讼
请
求
，
因
为
其
公
司
只
生
产
了
5
0
0
0
盒
，
是
厦
门
某
商
务
公
司
提
供
的
包
装
盒
，
“
当
时
我
公
司
在
审
核
时
没
有
看
出
来
是
贾
玲
。
”
法
院
审
理
查
明
，
安
徽
某
某
健
康
产
业
发
展
有
限
公
司
是
“
贾
女
士
I
M
黑
咖
啡
”
生
产
企
业
，
其
所
生
产
的
“
贾
女
士
T
M
黑
咖
啡
”
外
包
装
上
显
著
位
置
印
有
贾
玲
打
拳
击
场
景
卡
通
形
象
。
该
“
贾
女
士
T
M
黑
咖
啡
”
在
各
大
电
商
平
台
均
有
销
售
。
法
院
认
为
，
肖
像
是
自
然
人
外
貌
形
象
在
物
质
载
体
上
的
再
现
，
肖
像
的
内
涵
强
调
的
是
自
然
人
面
部
形
象
的
可
识
别
性
，
至
于
肖
像
再
现
的
物
质
载
体
、
手
段
并
不
影
响
以
某
种
形
式
存
在
的
自
然
人
面
部
形
象
归
属
于
肖
像
的
范
畴
。
只
要
卡
通
所
反
映
的
是
具
有
可
识
别
性
的
自
然
人
形
象
，
则
该
卡
通
形
象
就
可
以
归
属
于
肖
像
概
念
的
范
畴
，
从
而
成
为
我
国
法
律
肖
像
权
保
护
的
对
象
。
自
然
人
享
有
肖
像
权
，
未
经
肖
像
权
人
同
意
，
不
得
制
作
、
使
用
、
公
开
肖
像
权
人
的
肖
像
。
本
案
中
，
被
告
公
司
在
其
生
产
的
“
贾
女
士
T
M
黑
咖
啡
”
外
包
装
上
对
贾
玲
打
拳
击
场
景
以
卡
通
形
象
使
用
，
能
够
反
映
出
具
有
可
识
别
性
的
贾
玲
形
象
，
该
使
用
未
经
贾
玲
同
意
，
侵
犯
了
贾
玲
的
肖
像
权
。
法
院
认
为
，
贾
玲
作
为
我
国
知
名
演
员
、
导
演
，
其
肖
像
具
有
一
定
的
商
业
价
值
，
被
告
对
其
肖
像
权
的
侵
害
，
必
然
导
致
其
肖
像
权
中
包
含
的
经
济
性
利
益
受
损
，
同
时
容
易
使
公
众
产
生
原
告
与
被
告
生
产
商
品
存
在
品
牌
代
言
关
系
的
联
系
。
因
双
方
均
未
能
举
证
证
明
侵
权
行
为
受
到
的
实
际
损
失
或
被
告
因
涉
案
侵
权
行
为
获
得
的
利
益
，
法
院
结
合
原
告
品
牌
代
言
商
业
价
值
、
维
权
成
本
，
被
告
的
过
错
程
度
、
目
的
、
方
式
、
持
续
时
间
、
赔
偿
能
力
等
因
素
，
酌
定
被
告
赔
偿
经
济
损
失
1
0
万
元
。
据
此
，
谯
城
区
法
院
作
出
判
决
，
安
徽
某
某
健
康
产
业
发
展
有
限
公
司
停
止
侵
权
，
不
得
再
生
产
侵
犯
贾
玲
肖
像
权
的
商
品
，
向
贾
玲
公
开
赔
礼
道
歉
，
赔
偿
贾
玲
经
济
损
失
1
0
万
元
。
对
此
，
网
友
们
纷
纷
表
示
：
支
持
贾
玲
维
权
！
商
家
蹭
热
度
卖
产
品
市
民
不
要
上
当
受
骗
据
了
解
，
电
影
《
热
辣
滚
烫
》
热
映
之
后
，
不
少
商
家
动
起
了
歪
心
思
，
在
产
品
包
装
上
蹭
热
度
，
在
一
些
产
品
上
把
贾
玲
在
《
热
辣
滚
烫
》
中
举
着
拳
击
手
套
的
经
典
姿
势
卡
通
化
用
作
宣
传
广
告
。
记
者
搜
索
发
现
，
目
前
电
商
平
台
上
仍
然
存
在
不
少
这
样
的
情
况
。
今
年
4
月
，
北
京
大
碗
娱
乐
文
化
传
媒
有
限
公
司
发
布
声
明
称
，
现
发
现
有
不
法
商
家
未
获
得
艺
人
贾
玲
许
可
，
擅
自
使
用
其
肖
像
，
谎
称
艺
人
为
其
品
牌
或
产
品
进
行
代
言
或
开
展
合
作
，
误
导
公
众
认
为
该
品
牌
或
产
品
与
艺
人
存
在
合
作
关
系
，
针
对
上
述
情
况
，
公
司
郑
重
声
明
：
任
何
未
经
官
方
渠
道
宣
称
之
代
言
及
合
作
均
为
虚
假
信
息
，
公
司
已
委
托
律
师
依
法
进
行
维
权
。
请
广
大
消
费
者
谨
慎
甄
别
，
避
免
上
当
受
骗
。
今
年
4
月
1
6
日
，
电
影
热
辣
滚
烫
官
方
微
博
发
出
了
多
张
打
假
图
片
，
图
片
中
不
乏
贾
玲
同
款
《
热
辣
滚
烫
》
短
袖
、
贾
玲
同
款
减
肥
黑
咖
啡
等
产
品
。
电
影
方
声
称
，
导
演
贾
玲
及
电
影
《
热
辣
滚
烫
》
从
未
代
言
也
未
授
权
任
何
减
脂
或
无
糖
类
饮
品
、
食
品
、
药
品
，
以
及
卡
牌
、
美
容
美
体
机
构
等
，
提
醒
网
友
不
要
上
当
受
骗
。
来
源
|
广
州
日
报
、
安
徽
商
报
、
潇
湘
晨
报
审
核
|
郝
珺
石
编
辑
|
徐
铉
校
对
|
郭
炜
桐
了
解
《
环
球
时
报
》
的
三
观
请
长
按
下
方
二
维
码
关
注
我
们
o
r
回
到
文
章
顶
部
，
点
击
环
球
时
报
（
微
信
公
众
号
I
D
：
h
q
s
b
w
x
）",http://mp.weixin.qq.com/s?__biz=MjM5MDk1NzQzMQ==&mid=2653942418&idx=3&sn=2b8c5c9eed8f418e21233d35d09110f0&chksm=bc82083609316a05717d71913570044a7fef663bb83b716625a10923099988be23ffc8a4168e&scene=27#wechat_redirect,70911,201,2024-08-14 12:34:26
21,环球时报,四年了，还没有生产出一颗芯片,"累
计
投
资
高
达
6
5
0
亿
美
元
，
规
划
在
亚
利
桑
那
州
建
3
座
工
厂
，
台
积
电
美
国
厂
4
年
未
生
产
一
颗
芯
片
。
台
湾
《
风
传
媒
》
1
2
日
引
用
美
国
《
纽
约
时
报
》
的
一
篇
文
章
，
细
数
台
积
电
赴
美
建
厂
遇
到
的
挑
战
，
再
次
引
起
岛
内
热
议
。
自
2
0
2
0
年
5
月
首
次
宣
布
赴
美
设
厂
以
来
，
台
积
电
已
陆
续
规
划
在
美
国
亚
利
桑
那
州
建
3
座
工
厂
，
累
计
投
资
高
达
6
5
0
亿
美
元
，
是
美
国
史
上
最
大
的
外
方
直
接
投
资
项
目
。
但
4
年
过
去
了
，
台
积
电
亚
利
桑
那
厂
还
未
产
出
任
何
半
导
体
产
品
。
“
面
临
的
挑
战
比
预
期
大
很
多
”
根
据
台
积
电
的
规
划
，
美
国
亚
利
桑
那
州
第
一
座
晶
圆
厂
4
纳
米
制
程
技
术
预
计
于
2
0
2
5
年
上
半
年
开
始
生
产
；
第
二
座
晶
圆
厂
将
采
用
世
界
上
最
先
进
的
下
一
代
纳
米
芯
片
晶
体
管
结
构
的
2
纳
米
制
程
技
术
，
预
计
于
2
0
2
8
年
开
始
生
产
。
《
纽
约
时
报
》
日
前
发
布
的
一
篇
文
章
称
，
台
积
电
难
以
克
服
台
湾
与
美
国
的
工
作
文
化
差
异
，
迟
迟
未
能
开
始
生
产
，
“
在
台
湾
行
得
通
的
做
法
，
亚
利
桑
那
没
办
法
照
单
全
收
。
这
个
芯
片
制
造
业
界
的
巨
人
（
指
台
积
电
）
面
临
的
挑
战
比
预
期
大
很
多
”
。
据
《
纽
约
时
报
》
报
道
，
台
积
电
亚
利
桑
那
厂
员
工
沟
通
和
关
系
处
处
长
刘
庆
煜
表
示
，
“
我
们
不
断
提
醒
自
己
，
不
会
因
为
我
们
在
台
湾
做
得
很
好
，
就
保
证
我
们
可
以
把
台
湾
的
那
套
做
法
照
搬
到
这
里
”
“
在
亚
利
桑
那
州
厂
，
很
多
事
情
实
际
上
都
是
从
头
开
始
”
。
的
确
，
在
台
湾
，
台
积
电
拥
有
数
千
名
熟
练
的
工
程
师
，
也
很
方
便
与
供
货
商
维
持
多
年
合
作
建
立
起
来
的
关
系
，
但
在
美
国
，
台
积
电
必
须
从
头
做
起
。
该
报
最
近
采
访
包
括
高
级
主
管
在
内
的
十
多
名
台
积
电
员
工
，
他
们
都
证
实
台
湾
主
管
与
美
国
员
工
之
间
的
文
化
冲
突
令
双
方
都
感
到
沮
丧
。
台
积
电
以
其
严
格
的
工
作
节
奏
而
闻
名
，
员
工
常
常
在
半
夜
因
紧
急
情
况
被
叫
去
工
作
。
2
0
2
1
年
，
在
加
入
台
积
电
后
不
久
，
刚
从
加
州
大
学
圣
迭
戈
分
校
获
得
硕
士
学
位
的
工
程
师
杰
弗
逊
·
帕
兹
前
往
台
南
接
受
了
1
8
个
月
的
培
训
。
“
天
哪
，
大
家
工
作
很
努
力
。
”
帕
兹
感
慨
。
回
到
亚
利
桑
那
州
后
，
由
于
工
厂
建
设
进
度
落
后
，
员
工
被
要
求
参
与
到
本
人
职
责
之
外
的
工
作
中
。
这
种
做
法
并
没
有
得
到
所
有
人
的
认
同
，
“
一
些
美
国
工
人
也
觉
得
很
难
长
时
间
待
下
去
”
。
为
了
解
决
美
国
工
人
和
台
湾
管
理
人
员
之
间
的
紧
张
关
系
，
公
司
对
管
理
人
员
进
行
了
沟
通
培
训
，
并
在
员
工
的
抱
怨
下
减
少
了
会
议
的
频
率
和
参
加
人
数
。
亚
利
桑
那
州
的
3
名
台
湾
员
工
称
，
公
司
曾
试
图
缓
解
紧
张
局
势
，
他
们
的
工
作
量
没
有
在
台
湾
那
么
大
。
但
他
们
不
确
定
随
着
工
厂
明
年
达
到
满
负
荷
生
产
，
这
种
较
轻
的
工
作
量
是
否
会
持
续
下
去
。
据
了
解
，
目
前
在
亚
利
桑
那
州
的
2
2
0
0
名
台
积
电
员
工
，
大
约
有
一
半
是
从
台
湾
调
派
过
去
的
，
但
未
来
台
湾
员
工
的
比
例
肯
定
会
降
。
劳
动
力
竞
争
与
政
治
威
胁
《
纽
约
时
报
》
提
到
，
台
积
电
在
亚
利
桑
那
州
面
临
的
第
二
大
挑
战
是
劳
动
力
竞
争
。
美
国
芯
片
巨
头
英
特
尔
正
在
该
地
区
扩
建
其
芯
片
工
厂
、
招
聘
熟
练
工
人
，
以
增
加
产
量
。
作
为
回
应
，
附
近
的
大
学
也
都
加
强
了
电
气
工
程
等
领
域
的
教
学
。
为
抢
人
才
，
台
积
电
通
过
学
徒
、
实
习
、
研
究
项
目
和
招
聘
会
与
社
区
学
院
和
大
学
合
作
。
另
外
，
《
纽
约
时
报
》
认
为
台
积
电
的
亚
利
桑
那
厂
还
可
能
面
临
政
治
威
胁
。
美
国
官
员
长
期
以
来
都
非
常
关
切
美
国
对
台
积
电
的
依
赖
。
美
国
商
务
部
长
雷
蒙
多
不
断
强
调
，
美
国
买
的
最
先
进
芯
片
有
9
2
%
来
自
台
湾
，
所
以
台
积
电
亚
利
桑
那
厂
是
美
国
努
力
降
低
对
海
外
生
产
芯
片
依
赖
的
一
个
试
验
。
美
国
共
和
党
总
统
候
选
人
特
朗
普
不
久
前
在
接
受
采
访
中
，
直
指
“
台
湾
夺
走
了
美
国
的
芯
片
产
业
”
，
批
评
美
国
政
府
资
助
台
湾
的
公
司
在
美
国
生
产
芯
片
。
至
于
台
积
电
面
临
的
其
他
困
境
，
一
些
外
媒
还
提
到
了
“
芯
片
法
案
”
。
美
国
总
统
拜
登
2
0
2
2
年
8
月
签
署
了
该
法
案
，
声
称
提
供
超
过
4
0
0
0
亿
美
元
的
抵
税
优
惠
、
贷
款
和
补
助
，
但
根
据
英
国
《
金
融
时
报
》
最
新
发
布
的
调
查
，
企
业
响
应
的
投
资
案
中
，
大
约
有
四
成
延
后
进
度
或
者
暂
停
。
台
积
电
就
是
典
型
一
例
，
4
年
过
去
仍
未
顺
利
投
产
，
还
将
亚
利
桑
那
州
二
厂
量
产
时
间
延
后
两
年
，
在
当
地
的
供
货
商
长
春
集
团
将
3
亿
美
元
的
工
厂
延
后
两
年
，
K
P
C
T
A
d
v
a
n
c
e
d
C
h
e
m
i
c
a
l
s
规
模
达
2
亿
美
元
的
建
厂
案
也
被
叫
停
。
重
压
下
被
迫
赴
美
台
媒
转
引
《
纽
约
时
报
》
这
篇
文
章
的
报
道
下
，
不
少
台
湾
网
友
留
言
称
，
“
不
要
再
强
迫
台
积
电
到
国
外
设
厂
了
，
条
件
根
本
就
不
一
样
，
是
要
把
钱
丢
到
水
里
吗
，
还
是
以
后
一
直
亏
钱
补
贴
？
”
还
有
人
直
言
“
台
积
电
公
司
被
民
进
党
所
害
”
“
建
给
美
国
人
看
的
，
不
需
要
去
理
会
它
”
。
岛
内
舆
论
称
，
台
积
电
在
美
国
建
厂
麻
烦
不
断
，
归
根
结
底
，
是
因
为
其
建
厂
计
划
并
非
单
纯
从
商
业
利
益
出
发
，
而
是
美
国
与
民
进
党
当
局
共
同
施
压
的
结
果
。
台
湾
前
“
经
济
部
长
”
尹
启
铭
此
前
撰
文
称
，
台
积
电
赴
美
投
资
完
全
是
为
了
配
合
美
国
的
政
治
和
经
济
利
益
，
不
仅
未
能
得
到
应
有
的
协
助
，
反
而
得
如
此
屈
膝
卑
躬
地
应
对
各
方
索
取
和
强
悍
态
度
对
待
，
“
不
禁
要
呼
吁
台
积
电
：
该
离
开
美
国
的
时
候
就
离
开
吧
！
”
今
年
2
月
，
岛
内
三
个
科
技
、
产
业
“
大
咖
”
前
“
工
研
院
院
长
”
史
钦
泰
、
台
积
电
前
副
总
林
本
坚
和
“
中
研
院
院
士
”
暨
芝
加
哥
大
学
经
济
学
教
授
谢
长
泰
发
表
联
名
文
章
称
，
美
国
“
芯
片
法
案
”
是
一
项
非
常
糟
糕
的
政
策
，
不
但
会
削
弱
台
积
电
的
实
力
，
还
会
损
害
半
导
体
行
业
。
文
章
认
为
，
“
芯
片
法
案
”
将
给
台
积
电
带
来
三
大
风
险
：
一
是
台
积
电
若
因
获
得
补
贴
不
再
关
注
创
新
，
将
失
去
技
术
优
势
，
影
响
台
积
电
在
人
工
智
能
领
域
的
芯
片
主
导
地
位
；
其
次
，
台
积
电
对
岛
内
产
能
投
资
可
能
减
少
，
降
低
产
业
应
对
需
求
冲
击
的
韧
性
；
第
三
，
台
积
电
可
能
迷
失
方
向
，
将
先
进
半
导
体
制
造
龙
头
的
地
位
拱
手
送
人
。
英
国
《
G
l
o
b
a
l
D
a
t
a
》
的
文
章
称
，
台
积
电
在
美
国
扩
张
遇
到
包
括
缺
工
、
员
工
文
化
冲
突
等
重
大
挑
战
。
在
全
球
扩
张
迫
在
眉
睫
的
背
景
下
，
台
积
电
在
美
国
业
务
的
延
误
和
招
聘
困
难
，
可
能
会
迫
使
其
放
弃
将
美
国
作
为
投
资
目
的
地
。
加
上
日
本
积
极
邀
请
台
积
电
设
厂
，
诱
因
包
括
日
本
政
府
补
贴
、
材
料
及
生
产
设
备
等
质
量
保
证
、
勤
奋
又
熟
练
的
劳
动
力
以
及
设
厂
成
本
较
欧
美
低
廉
等
，
都
是
台
积
电
海
外
设
厂
的
更
好
选
择
。
“
台
积
电
的
跨
文
化
挑
战
”
，
台
湾
《
中
国
时
报
》
1
2
日
以
此
为
题
的
一
篇
评
论
称
，
台
美
双
方
企
业
员
工
在
工
作
态
度
与
生
活
模
式
上
的
文
化
差
异
主
要
表
现
在
四
个
方
面
，
即
工
作
时
间
和
强
度
、
管
理
风
格
、
文
化
智
商
、
语
言
和
沟
通
。
文
章
认
为
，
台
积
电
的
成
功
来
自
于
其
员
工
的
不
懈
努
力
和
牺
牲
奉
献
，
然
而
，
面
对
注
重
生
活
质
量
的
美
国
人
，
无
论
是
试
图
让
他
们
融
入
这
种
企
业
文
化
还
是
为
他
们
而
改
变
，
都
是
台
积
电
面
临
的
一
项
严
峻
挑
战
。
环
球
时
报
特
约
记
者
陈
立
非
审
核
|
郝
珺
石
编
辑
|
徐
铉
校
对
|
郭
炜
桐
了
解
《
环
球
时
报
》
的
三
观
请
长
按
下
方
二
维
码
关
注
我
们
o
r
回
到
文
章
顶
部
，
点
击
环
球
时
报
（
微
信
公
众
号
I
D
：
h
q
s
b
w
x
）",http://mp.weixin.qq.com/s?__biz=MjM5MDk1NzQzMQ==&mid=2653942396&idx=1&sn=fcc9ad18946bac100adda2c1ae66cd30&chksm=bcc7723b5dd240464c0a7aceb078d1a7e00f5da53a1366b21d85bc934d2482193fe23d4e66a5&scene=27#wechat_redirect,100001,1916,2024-08-14 11:14:19
22,,最新：美国称没有参与,"外
媒
：
白
宫
称
乌
方
未
提
前
告
知
乌
军
要
进
入
俄
境
内
袭
击
，
美
方
“
没
参
与
”
乌
军
行
动
让
-
皮
埃
尔
资
料
图
图
源
：
外
媒
据
路
透
社
等
媒
体
报
道
，
在
乌
克
兰
袭
击
俄
罗
斯
库
尔
斯
克
州
的
背
景
下
，
美
国
总
统
拜
登
当
地
时
间
1
3
日
对
记
者
称
，
在
过
去
6
到
8
天
里
，
他
大
概
每
隔
四
五
个
小
时
听
取
一
次
关
于
乌
克
兰
行
动
的
简
报
。
根
据
白
宫
网
站
发
布
的
消
息
，
当
被
问
及
“
对
在
俄
罗
斯
和
乌
克
兰
正
在
发
生
的
事
情
有
什
么
看
法
以
及
是
否
和
乌
政
府
的
人
员
交
谈
过
”
时
，
拜
登
1
3
日
对
记
者
称
，
“
在
过
去
6
到
8
天
里
，
我
经
常
与
团
队
人
员
交
谈
，
大
概
每
隔
四
五
个
小
时
一
次
…
…
我
们
一
直
与
乌
方
人
员
保
持
直
接
联
系
，
经
常
联
系
”
。
拜
登
当
地
时
间
1
3
日
接
受
记
者
采
访
。
图
源
：
《
纽
约
邮
报
》
视
频
截
图
路
透
社
报
道
说
，
白
宫
新
闻
秘
书
卡
里
娜
·
让
-
皮
埃
尔
1
3
日
在
记
者
会
上
被
问
及
乌
军
进
入
俄
罗
斯
境
内
进
行
袭
击
一
事
。
报
道
说
，
让
-
皮
埃
尔
称
，
乌
克
兰
没
有
提
前
告
知
美
方
此
事
，
美
方
也
“
没
有
参
与
”
乌
军
此
次
行
动
。
据
塔
斯
社
等
多
家
媒
体
报
道
，
乌
克
兰
军
队
6
日
突
袭
俄
罗
斯
库
尔
斯
克
州
，
随
后
双
方
在
该
州
爆
发
冲
突
。
俄
罗
斯
总
统
普
京
1
2
日
就
俄
南
部
边
境
局
势
召
开
会
议
，
库
尔
斯
克
州
代
理
州
长
斯
米
尔
诺
夫
在
会
议
上
汇
报
称
，
乌
军
控
制
了
该
州
2
8
个
居
民
点
，
居
住
在
这
些
居
民
点
的
大
约
2
0
0
0
人
情
况
不
明
。
该
州
已
有
约
1
2
.
1
万
人
被
疏
散
。
普
京
在
会
议
上
称
，
俄
方
将
坚
决
回
应
乌
方
在
边
境
地
区
的
一
系
列
挑
衅
。
他
还
称
，
俄
方
将
评
估
俄
乌
边
境
地
区
情
况
，
将
乌
方
赶
出
俄
领
土
并
有
效
防
守
边
境
地
区
是
当
前
首
要
任
务
。
来
源
|
环
球
网
审
核
|
郝
珺
石
编
辑
|
徐
铉
校
对
|
郭
炜
桐
了
解
《
环
球
时
报
》
的
三
观
请
长
按
下
方
二
维
码
关
注
我
们
o
r
回
到
文
章
顶
部
，
点
击
环
球
时
报
（
微
信
公
众
号
I
D
：
h
q
s
b
w
x
）",http://mp.weixin.qq.com/s?__biz=MjM5MDk1NzQzMQ==&mid=2653942396&idx=2&sn=1f311571dd4ea4f00c494066c36ad5c9&chksm=bc906d9b067cc26622a02ee7e566e06d2d2848c57b9b11f5fd1289c31b255f1ba7e67b2839b7&scene=27#wechat_redirect,99103,264,2024-08-14 11:14:19
23,,中国商人被勒索3700万美元，带头嫌疑人竟是美国警察,"据
美
联
社
8
月
1
3
日
报
道
，
两
名
前
加
利
福
尼
亚
州
洛
杉
矶
县
警
长
办
公
室
警
员
和
两
名
前
外
国
军
官
被
联
邦
检
察
官
指
控
五
年
前
冒
充
警
察
，
突
击
查
抄
一
名
中
国
公
民
在
奥
兰
治
郡
的
住
所
，
并
以
暴
力
和
驱
逐
出
境
来
威
胁
这
名
商
人
及
其
家
人
。
据
洛
杉
矶
联
邦
检
察
官
办
公
室
称
，
这
四
名
男
子
勒
索
了
3
7
0
0
万
美
元
以
及
该
男
子
的
公
司
股
份
。
星
期
一
，
这
四
名
男
子
被
指
控
犯
有
包
括
共
谋
勒
索
、
敲
诈
勒
索
未
遂
、
共
谋
侵
犯
权
利
和
以
法
律
名
义
剥
夺
权
利
罪
等
4
项
罪
名
，
但
被
指
控
的
四
人
对
以
上
罪
名
都
拒
不
认
罪
。
检
察
官
称
，
这
一
团
伙
于
2
0
1
9
年
6
月
1
7
日
开
车
前
往
受
害
者
位
于
欧
文
市
的
家
，
强
迫
他
、
他
的
妻
子
和
两
个
孩
子
待
在
房
间
里
几
个
小
时
，
拿
走
他
们
的
手
机
，
并
威
胁
说
如
果
他
不
服
从
要
求
，
就
将
他
驱
逐
出
境
。
四
名
罪
犯
将
这
名
中
国
公
民
猛
地
甩
到
墙
上
，
并
卡
住
他
的
脖
子
，
威
胁
他
放
弃
价
值
数
百
万
美
元
的
公
司
股
份
。
该
公
司
位
于
中
国
，
生
产
橡
胶
化
学
品
。
这
名
中
国
商
人
由
于
担
心
自
己
和
家
人
的
安
全
，
被
迫
签
署
了
文
件
。
根
据
美
国
检
方
的
调
查
，
其
中
一
名
被
指
控
的
男
子
史
蒂
文
·
亚
瑟
·
兰
克
福
德
曾
是
洛
杉
矶
郡
警
长
办
公
室
的
警
察
，
2
0
2
0
年
退
休
。
他
被
指
控
使
用
警
长
办
公
室
的
终
端
在
国
家
数
据
库
中
搜
索
了
受
害
者
的
相
关
信
息
，
并
驾
驶
一
辆
未
标
记
的
警
局
车
辆
将
其
他
三
名
男
子
带
到
受
害
者
的
家
中
，
亮
出
警
徽
并
自
称
是
警
察
。
被
指
控
的
其
他
三
人
中
，
来
自
阿
普
兰
的
格
伦
·
路
易
斯
·
科
扎
特
同
样
是
一
名
县
警
长
办
公
室
的
退
休
警
察
。
另
两
人
则
分
别
为
英
国
籍
的
马
克
斯
·
塞
缪
尔
·
本
内
特
·
特
贝
特
，
3
9
岁
前
英
国
军
人
以
及
澳
大
利
亚
籍
的
马
修
·
菲
利
普
·
哈
特
，
4
1
岁
前
澳
大
利
亚
军
人
。
然
而
值
得
注
意
的
是
，
根
据
调
查
，
资
助
了
这
个
四
人
团
伙
行
动
的
幕
后
主
使
是
一
名
同
样
来
自
中
国
的
女
性
，
她
是
被
勒
索
男
子
的
“
生
意
伙
伴
”
，
两
人
因
为
在
中
国
和
美
国
的
公
司
业
务
有
着
超
过
十
年
的
法
律
纠
纷
。
因
此
该
女
子
雇
佣
前
英
国
军
人
特
贝
特
，
并
提
供
了
实
施
这
起
案
件
所
需
要
的
资
金
，
特
贝
特
雇
佣
了
科
扎
特
，
科
扎
特
又
雇
佣
了
兰
克
福
德
。
特
贝
特
将
被
引
渡
至
美
国
接
受
审
判
，
但
为
此
事
提
供
资
金
的
中
国
女
性
则
未
被
起
诉
。
特
贝
特
的
律
师
在
接
受
美
联
社
采
访
时
表
示
，
他
对
美
国
检
方
在
追
溯
期
即
将
过
去
的
几
天
前
，
根
据
一
个
不
可
靠
的
证
人
的
说
法
提
出
这
些
指
控
而
感
到
失
望
。
并
补
充
说
，
他
很
期
待
在
法
庭
上
回
应
这
些
毫
无
根
据
的
指
控
。
而
美
国
联
邦
检
察
官
马
丁
·
埃
斯
特
拉
达
则
表
示
，
“
我
们
必
须
用
与
其
他
人
相
同
的
标
准
来
要
求
包
括
执
法
人
员
在
内
的
公
职
人
员
”
，
“
一
名
宣
誓
就
职
的
警
察
私
自
执
法
并
滥
用
洛
杉
矶
郡
警
长
办
公
室
的
权
力
，
这
是
不
可
接
受
的
，
也
是
严
重
的
侵
犯
民
权
行
为
”
。
如
果
罪
名
成
立
，
这
四
名
男
子
每
人
都
将
面
临
在
美
国
联
邦
监
狱
服
刑
2
0
年
的
处
罚
。
来
源
|
观
察
者
网
审
核
|
郝
珺
石
编
辑
|
徐
铉
校
对
|
郭
炜
桐
了
解
《
环
球
时
报
》
的
三
观
请
长
按
下
方
二
维
码
关
注
我
们
o
r
回
到
文
章
顶
部
，
点
击
环
球
时
报
（
微
信
公
众
号
I
D
：
h
q
s
b
w
x
）",http://mp.weixin.qq.com/s?__biz=MjM5MDk1NzQzMQ==&mid=2653942396&idx=3&sn=1af88c229ed8bf742cd095610d6ef72d&chksm=bcf63c2ff9457fb7b269485cbcbde2bfd116765686404b551db678e39854268b8179b6c493f0&scene=27#wechat_redirect,61576,464,2024-08-14 11:14:19
24,,突发：日本首相岸田将辞职,"日
媒
：
岸
田
文
雄
向
党
内
人
士
表
示
，
他
计
划
弃
选
自
民
党
总
裁
，
将
辞
任
首
相
。
据
日
本
广
播
协
会
最
新
报
道
，
岸
田
文
雄
向
党
内
人
士
表
示
，
他
打
算
放
弃
参
加
将
于
9
月
举
行
的
自
民
党
总
裁
选
举
。
日
本
广
播
协
会
报
道
称
，
这
意
味
着
在
选
出
新
自
民
党
总
裁
后
，
岸
田
文
雄
将
辞
任
首
相
。
报
道
还
称
，
岸
田
将
于
当
地
时
间
1
4
日
上
午
1
1
点
半
（
北
京
时
间
上
午
1
0
点
半
）
举
行
记
者
会
。
来
源
|
环
球
网
审
核
|
郝
珺
石
编
辑
|
徐
铉
校
对
|
郭
炜
桐
了
解
《
环
球
时
报
》
的
三
观
请
长
按
下
方
二
维
码
关
注
我
们
o
r
回
到
文
章
顶
部
，
点
击
环
球
时
报
（
微
信
公
众
号
I
D
：
h
q
s
b
w
x
）",http://mp.weixin.qq.com/s?__biz=MjM5MDk1NzQzMQ==&mid=2653942390&idx=1&sn=0d12f97f0af90488a21f916a3c5c573d&chksm=bcb4fb2089e091f1578c9225fb088bf8a6a68eb38d08da8c88fb4765f5d0ac906353a726a8e8&scene=27#wechat_redirect,100001,990,2024-08-14 10:19:48
25,,刚刚，国防部宣布,"中
泰
将
举
行
“
鹰
击
-
2
0
2
4
”
空
军
联
合
训
练
根
据
中
泰
两
军
年
度
合
作
计
划
，
中
泰
“
鹰
击
-
2
0
2
4
”
空
军
联
合
训
练
将
于
8
月
在
泰
国
空
军
乌
隆
基
地
举
行
。
中
方
将
派
出
多
型
飞
机
及
特
战
力
量
赴
泰
参
训
。
此
次
联
训
旨
在
提
高
双
方
参
训
部
队
战
技
术
水
平
、
深
化
中
泰
两
军
务
实
交
流
与
合
作
。
来
源
|
国
防
部
发
布
审
核
|
郝
珺
石
编
辑
|
徐
铉
校
对
|
郭
炜
桐
了
解
《
环
球
时
报
》
的
三
观
请
长
按
下
方
二
维
码
关
注
我
们
o
r
回
到
文
章
顶
部
，
点
击
环
球
时
报
（
微
信
公
众
号
I
D
：
h
q
s
b
w
x
）",http://mp.weixin.qq.com/s?__biz=MjM5MDk1NzQzMQ==&mid=2653942390&idx=2&sn=2d02b8e8d714a8332bb127d58d8cbf45&chksm=bcda0860b7249f83f9f6a791b9330de3c71e12169dd6d335b0563df657e5cd6974193b64770a&scene=27#wechat_redirect,100001,726,2024-08-14 10:19:48
26,,景区事故致1死60伤，广西通报,"广
西
德
天
瀑
布
登
高
观
瀑
魔
毯
“
8
·
1
0
”
事
故
联
合
调
查
组
8
月
1
3
日
晚
间
发
布
初
步
调
查
通
报
，
相
关
责
任
人
已
被
依
法
控
制
。
8
月
1
0
日
1
3
时
5
6
分
，
德
天
瀑
布
景
区
登
高
观
瀑
魔
毯
项
目
发
生
故
障
，
造
成
1
名
游
客
死
亡
，
6
0
名
游
客
受
伤
（
其
中
重
伤
1
名
，
轻
伤
5
9
名
）
。
事
发
后
，
德
天
瀑
布
景
区
于
8
月
1
1
日
起
暂
时
闭
园
，
登
高
观
瀑
魔
毯
项
目
停
止
运
营
。
崇
左
市
迅
速
成
立
由
大
新
县
人
民
政
府
和
市
公
安
局
、
市
文
化
旅
游
和
体
育
广
电
局
、
市
应
急
管
理
局
、
市
市
场
监
督
管
理
局
、
市
总
工
会
等
单
位
及
相
关
行
业
专
家
组
成
的
事
故
联
合
调
查
组
开
展
事
故
原
因
调
查
。
经
初
步
调
查
，
事
发
时
，
由
中
旅
广
西
德
天
瀑
布
旅
游
开
发
有
限
公
司
运
营
的
魔
毯
项
目
1
号
线
二
段
在
运
行
过
程
中
，
接
近
魔
毯
顶
端
出
口
位
置
的
毯
带
钢
扣
铰
接
连
接
处
突
然
断
裂
，
毯
带
快
速
下
滑
，
造
成
人
员
挤
压
、
撞
击
从
而
引
发
伤
亡
事
故
。
根
据
通
报
，
下
一
步
，
调
查
组
将
依
法
依
规
对
责
任
单
位
和
人
员
进
行
深
入
调
查
，
严
肃
追
究
责
任
。
来
源
|
中
国
新
闻
网
审
核
|
郝
珺
石
编
辑
|
徐
铉
校
对
|
郭
炜
桐
了
解
《
环
球
时
报
》
的
三
观
请
长
按
下
方
二
维
码
关
注
我
们
o
r
回
到
文
章
顶
部
，
点
击
环
球
时
报
（
微
信
公
众
号
I
D
：
h
q
s
b
w
x
）",http://mp.weixin.qq.com/s?__biz=MjM5MDk1NzQzMQ==&mid=2653942390&idx=3&sn=d22ad7271ac96387eaef54856947ca29&chksm=bc7de573e460dbb8a96c6db5894d5e9a8fd60832174d29f653421565d91a402372f32279bb04&scene=27#wechat_redirect,47146,154,2024-08-14 10:19:48
27,,普京签令：批准成立,"普
京
签
署
法
令
批
准
成
立
俄
罗
斯
联
邦
海
事
委
员
会
俄
罗
斯
总
统
普
京
1
3
日
签
署
总
统
令
，
批
准
成
立
俄
罗
斯
联
邦
海
事
委
员
会
。
根
据
总
统
令
，
俄
总
统
助
理
帕
特
鲁
舍
夫
被
任
命
为
该
委
员
会
负
责
人
。
俄
联
邦
海
事
委
员
会
将
负
责
俄
罗
斯
海
军
的
战
略
发
展
、
保
护
俄
在
北
极
的
国
家
利
益
以
及
发
展
和
支
持
俄
海
上
活
动
。
帕
特
鲁
舍
夫
7
月
2
9
日
在
一
次
会
议
上
说
，
为
加
强
协
调
国
家
海
洋
政
策
的
落
实
，
普
京
已
决
定
成
立
海
事
委
员
会
。
成
立
该
委
员
会
的
相
关
规
定
将
在
有
关
部
门
起
草
完
成
后
提
交
总
统
批
准
。
来
源
|
央
视
新
闻
客
户
端
审
核
|
郝
珺
石
编
辑
|
徐
铉
校
对
|
郭
炜
桐
了
解
《
环
球
时
报
》
的
三
观
请
长
按
下
方
二
维
码
关
注
我
们
o
r
回
到
文
章
顶
部
，
点
击
环
球
时
报
（
微
信
公
众
号
I
D
：
h
q
s
b
w
x
）",http://mp.weixin.qq.com/s?__biz=MjM5MDk1NzQzMQ==&mid=2653942384&idx=1&sn=8b7f92ab6293ed187ec83f1d1dda0065&chksm=bc1c76a568dda4b596b9abfd83c7172cb9bfc10a89087a7bd558e0fbd07fd8a0af1ec11233b5&scene=27#wechat_redirect,100001,796,2024-08-14 09:06:42
28,陈子帅,中美官员将碰头讨论金融议题,"据
彭
博
社
1
2
日
消
息
，
中
美
金
融
工
作
组
将
于
8
月
1
5
日
至
1
6
日
在
上
海
举
行
会
议
，
这
也
是
该
工
作
组
自
去
年
9
月
成
立
以
来
，
第
五
次
召
开
会
议
。
美
国
财
政
部
发
言
人
表
示
，
本
次
会
议
将
重
点
讨
论
宏
观
经
济
、
金
融
稳
定
、
国
际
货
币
基
金
组
织
治
理
以
及
资
本
市
场
问
题
等
议
题
。
中
美
双
方
2
0
2
3
年
9
月
商
定
成
立
经
济
领
域
工
作
组
，
包
括
“
经
济
工
作
组
”
和
“
金
融
工
作
组
”
。
其
中
，
“
金
融
工
作
组
”
由
中
国
人
民
银
行
和
美
国
财
政
部
副
部
长
级
官
员
牵
头
。
两
个
工
作
组
将
定
期
、
不
定
期
举
行
会
议
，
就
经
济
、
金
融
领
域
相
关
问
题
加
强
沟
通
和
交
流
。
据
《
纽
约
时
报
》
报
道
，
此
次
美
国
代
表
团
由
美
国
财
政
部
负
责
国
际
金
融
事
务
的
助
理
财
长
布
伦
特
·
奈
曼
带
队
，
成
员
包
括
美
联
储
和
美
国
证
券
交
易
委
员
会
的
官
员
。
预
计
他
们
将
与
中
国
人
民
银
行
副
行
长
宣
昌
能
和
其
他
中
国
高
级
官
员
会
面
。
奈
曼
在
启
程
前
表
示
，
他
们
打
算
在
这
次
金
融
工
作
组
会
议
上
讨
论
金
融
稳
定
问
题
，
与
跨
境
数
据
、
贷
款
和
支
付
有
关
的
议
题
，
以
及
出
现
金
融
压
力
时
，
双
方
可
以
采
取
哪
些
改
善
沟
通
的
具
体
措
施
等
。
彭
博
社
透
露
，
本
周
会
议
的
议
题
还
包
括
与
中
国
人
民
银
行
的
货
币
互
换
安
排
。
报
道
称
，
过
去
一
段
时
间
，
中
国
央
行
和
其
他
新
兴
市
场
和
发
达
市
场
国
家
达
成
了
一
系
列
货
币
互
换
协
议
，
推
动
人
民
币
国
际
化
步
伐
。
美
联
储
也
有
一
些
货
币
互
换
安
排
，
但
没
有
与
中
国
签
订
。
中
国
银
行
研
究
院
资
深
研
究
员
廖
淑
萍
1
3
日
告
诉
《
环
球
时
报
》
记
者
，
央
行
之
间
建
立
货
币
互
换
安
排
，
主
要
是
为
了
在
危
机
期
间
发
挥
“
最
后
贷
款
人
”
职
责
，
防
止
出
现
流
动
性
风
险
。
《
环
球
时
报
》
记
者
关
注
到
，
不
少
外
媒
在
报
道
本
次
会
议
时
，
强
调
中
美
当
前
面
临
分
歧
与
贸
易
紧
张
关
系
。
《
纽
约
时
报
》
称
，
尽
管
中
美
之
间
的
沟
通
在
过
去
一
年
中
有
所
改
善
，
但
由
于
在
产
业
政
策
和
中
国
主
导
绿
色
能
源
技
术
领
域
方
面
的
分
歧
，
两
国
经
济
关
系
仍
然
紧
张
。
今
年
5
月
，
拜
登
政
府
开
始
对
一
系
列
中
国
进
口
产
品
征
收
新
关
税
，
包
括
电
动
汽
车
、
太
阳
能
电
池
、
半
导
体
等
。
美
国
还
以
所
谓
威
胁
国
家
安
全
之
名
，
限
制
本
国
对
中
国
某
些
行
业
的
投
资
。
同
时
，
外
媒
认
为
，
即
将
举
行
的
中
美
金
融
工
作
组
第
五
次
会
议
是
两
国
加
强
沟
通
的
努
力
之
一
。
《
纽
约
时
报
》
称
，
中
美
的
金
融
监
管
者
今
年
一
直
在
进
行
金
融
冲
击
演
习
，
以
便
在
发
生
可
能
影
响
国
际
银
行
或
保
险
系
统
稳
定
的
危
机
，
如
网
络
攻
击
或
气
候
灾
难
等
时
，
双
方
能
够
协
调
应
对
措
施
。
美
媒
称
，
美
国
高
级
官
员
本
周
访
问
中
国
，
是
在
贸
易
紧
张
局
势
加
剧
的
情
况
下
，
寻
求
保
持
世
界
两
大
经
济
体
之
间
的
关
系
稳
定
。
对
外
经
济
贸
易
大
学
国
家
安
全
与
治
理
研
究
院
研
究
员
梁
怀
新
1
3
日
对
《
环
球
时
报
》
记
者
表
示
，
中
美
金
融
工
作
组
会
议
是
落
实
中
美
两
国
元
首
巴
厘
岛
会
晤
重
要
共
识
所
组
织
的
具
体
工
作
机
制
，
至
今
已
组
织
了
4
次
。
即
将
举
行
的
第
五
次
会
议
可
能
讨
论
的
金
融
稳
定
话
题
引
发
关
注
，
背
后
主
要
原
因
在
于
，
在
现
阶
段
全
球
经
济
发
展
整
体
形
势
相
对
疲
软
的
背
景
下
，
确
保
全
球
金
融
稳
定
对
于
维
持
各
方
利
益
均
十
分
关
键
。
但
是
，
需
要
明
确
的
是
，
近
期
美
国
一
方
面
炒
作
所
谓
中
国
产
能
过
剩
问
题
，
在
新
能
源
汽
车
等
方
面
发
难
；
另
一
方
面
则
酝
酿
大
幅
度
降
息
，
这
导
致
全
球
金
融
市
场
出
现
严
重
波
动
。
梁
怀
新
说
，
美
方
提
到
，
将
探
讨
出
现
金
融
压
力
时
可
以
采
取
的
改
善
沟
通
具
体
措
施
，
这
一
点
十
分
关
键
，
但
从
根
本
上
取
决
于
美
方
的
态
度
。
“
如
果
美
方
有
意
愿
，
完
全
可
以
在
更
大
范
围
内
接
纳
中
国
，
为
全
球
金
融
稳
定
发
挥
建
设
性
作
用
，
这
是
一
个
必
然
趋
势
，
也
是
克
服
美
国
独
治
架
构
下
全
球
金
融
体
系
稳
定
性
缺
失
的
重
要
解
决
路
径
。
”
环
球
时
报
记
者
陈
子
帅
审
核
|
郝
珺
石
编
辑
|
徐
铉
校
对
|
郭
炜
桐
了
解
《
环
球
时
报
》
的
三
观
请
长
按
下
方
二
维
码
关
注
我
们
o
r
回
到
文
章
顶
部
，
点
击
环
球
时
报
（
微
信
公
众
号
I
D
：
h
q
s
b
w
x
）",http://mp.weixin.qq.com/s?__biz=MjM5MDk1NzQzMQ==&mid=2653942384&idx=2&sn=9914f1161bdc62c22336371de04bb6f1&chksm=bc5b6e6017213f8a0aca446983e677bdf64c3c4c79e5643ce9c075cab4232c16c58f10d2173e&scene=27#wechat_redirect,76844,323,2024-08-14 09:06:42
29,,突发：福岛第一核电站发生泄漏,"福
岛
第
一
核
电
站
2
5
吨
含
放
射
性
物
质
的
水
发
生
泄
漏
记
者
8
月
1
3
日
获
悉
，
东
京
电
力
公
司
福
岛
第
一
核
电
站
2
号
机
组
的
核
燃
料
残
渣
冷
却
池
发
现
有
2
5
吨
含
放
射
性
物
质
的
水
发
生
泄
漏
。
东
京
电
力
公
司
方
面
表
示
，
含
放
射
性
物
质
的
水
没
有
流
至
外
部
环
境
，
核
燃
料
的
冷
却
不
存
在
问
题
。
东
电
公
司
称
，
将
于
本
周
内
通
过
机
器
人
对
漏
水
地
点
和
原
因
进
行
确
认
。
来
源
|
央
视
新
闻
客
户
端
审
核
|
郝
珺
石
编
辑
|
徐
铉
校
对
|
郭
炜
桐
了
解
《
环
球
时
报
》
的
三
观
请
长
按
下
方
二
维
码
关
注
我
们
o
r
回
到
文
章
顶
部
，
点
击
环
球
时
报
（
微
信
公
众
号
I
D
：
h
q
s
b
w
x
）",http://mp.weixin.qq.com/s?__biz=MjM5MDk1NzQzMQ==&mid=2653942384&idx=3&sn=579db9b845a7b9ad548f6d17af0a3026&chksm=bcb39d7f9f50c1f068b35ba02faa2b28c8922af49d4b9cff36b5added6420673ca06638b49ce&scene=27#wechat_redirect,85591,284,2024-08-14 09:06:42
