,ID,Title,Meta,Text,URL
0,0,用「宝石」造了口锅？专利双重微压、强力防粘，炖肉快一倍...CCTV品质推荐,"北美留学生观察
2023-08-03 09:38 Posted on 美国","俗话说得好：人间食味，离不开三餐烟火。

下班后一桌美味的饭菜，不仅犒赏饥肠辘辘的肠胃，更能抚平一天的疲惫，获得满满归属感～


但有时候，锅具不合适，菜肴分分钟变成杯具！

黏锅、糊锅...整个厨房都是焦味，累死累活做一顿饭，结果却只能全部喂给垃圾桶的痛谁懂！


而且市面上普通锅具炖煮肉类真的太太太久了，一小时起步，两小时封顶，上班族等不起的节奏～

想要快速炖肉又得单独购买高压锅，花钱还是次要的，关键是就怕选到劣质货，不好用还危险…


搜罗了很多，终于被我发现了一款既能大容量炒菜、又不粘锅、关键是炖肉贼快——不输高压锅的好锅！

意可味蓝钻微压锅

意可味这个牌子可以说是名气与实力并存。

其拥有18年丰富的锅具生产经验，出口国家覆盖60余个，受邀参加cctv节目～


并作为2022奥林匹克中国行指定厨具品牌，获得多项国际国内品质认证。


咱们今天推荐的这款深海蓝钻微压锅，更是意可味家的招牌产品！

小杨哥直播间也在推荐，卖的非常火爆，30秒就卖出了1100万元！


网上随便一搜都是好评如潮～


为什么意可味深海蓝钻微压锅这么受欢迎？因为ta真的炖肉快、不粘锅、油烟少！

这里先给大家科普一下什么叫微压锅：

微压锅：

区别与一般锅和高压锅，微压锅工作时一般压力低于1.2个大气压，比普通锅更容易煮熟食物。

特点是速度比一般锅快，但又没有高压锅使用中给人一种危险感，甚至使用过程中还可打开盖子！

意可味微压锅不仅采取了这种微压技术！而且还是微压腔体+专利结构气阀双重微压，轻松实现快速炖煮～


我们专门购入了食材进行测试：意可味微压锅比普通锅炖煮更软烂！直接节省了40%～60%的炖煮时间！


轻轻一拉，软香的排骨1秒脱骨，鲜香四溢～真的把人香迷糊了！


至于粘锅问题，意可味微压锅也能很好的解决。

凹凸面不粘层+镶嵌深海蓝钻颗粒，不仅能做到悬浮不粘，防腐效果更是优秀，长时间用无压力～


无油的情况下，鸡蛋放进去立刻成型，不一会鸡蛋就能被轻松铲起，连痕迹都看不到！


普通的锅翻炒时特别容易溅油，冒油烟，常常是做一顿饭下来，弄得身上都是油烟气，实在难闻...

意可味蓝钻微压锅厚底、薄壁、加厚的黄金比例锅身设计，既能保证受热均匀、又能保证升温迅速，食材不外溅！


侧面可以看出来真的几乎没有油烟，太神奇了～


正面也能看到油只集中在锅底部位，没有向上泼溅，效果真的很可以！


相同规格的意可味深海蓝钻微压锅，旗舰店现在即使是券后也要229元～269元，虽然已经比较划算，但是还不够。


因为我们这里所有规格还要再统统降价50元！！！

意可味深海蓝钻微压锅
28mm规格（送硅胶铲）：159元
28mm规格（送硅胶铲）+蒸屉：169元
32mm规格（送硅胶铲）：179元
32mm规格（送硅胶铲）+蒸屉：189元

省时、好用，做出来的食物还好吃！

更重要的是，煎炖煲炸涮样样都行，有一个微压锅相当于拥有五口不同功能的锅，真的性价比hen高！


推荐理由：
1、2022奥林匹克中国行指定厨具品牌：18年锅具生产经验，出口国家覆盖60余个，小杨哥30s爆卖1100w元。

2、微压腔体+专利结构气阀双重微压：半小时炖排骨、20分钟烹饪红烧肉...轻松实现快手美食。

3、研磨蓝宝石颗粒制不粘层+凹凸面设计：更耐磨、更安全、更防粘，煎鸡蛋不留痕。

腔体+专利气阀双重微压
20分钟快手炖肉、煎炖煲炸涮样样行

意可味蓝钻微压锅真的能够以一顶二，既是炒锅、也是专业闷炖锅～


ta的微压原理与高压锅相似：制造一个相对密封的空间，通过提高水的沸点，从而更快更节能地烹饪食物。

但二者不同的是，高压锅因为密闭性更好，升压更高，因此也更加容易被堵住，引发安全隐患！


微压锅则是利用食品级硅胶圈微压腔体，将锅身360度闭合储热，来达到升压目的。

在这样的环境下，压力只是微微增高，不会超过1.2个大气压，并且在烧制的过程中可以随时开盖查看，也更加安全～


意可味蓝钻微压锅还在此基础上更进一步，改造了锅盖排气结构，可以更加轻松的排气泄压，安全性再+1！


专利报告为证！大家可以放心真实性～


而且，因为密封性up，能够利用微压循环锁住锅内的水分和食材营养，意可味微压锅制作出来的菜品，焖煮的也更加入味！


用意可味蓝钻微压锅炖煮菜品到底有多快速、多酥软？

普通炒菜锅1个小时才能完成的红烧肉，用意可味微压锅30多分钟就能做到鲜嫩软糯，入口即化～


普通炒锅1h的玉米排骨汤，意可味微压锅30～40分钟也能轻松get，下班做饭星人狂喜！


还能用剩下的食材快速炒一盘「糖醋排骨」，效率杠杠的，从此告别外卖～


煎、炒、炖、焖、炸，意可味微压锅都可以！

买这1口新锅，家里很多老旧锅具都可以淘汰了。


意可味深海蓝钻微压锅

28mm规格（送硅胶铲）：159元
28mm规格（送硅胶铲）+蒸屉：169元
32mm规格（送硅胶铲）：179元
32mm规格（送硅胶铲）+蒸屉：189元


研磨蓝矿石颗粒制不粘层
更耐磨、更不粘、更安全

当然，锅作为常用消耗品，好不好用、能不能禁得住长久用也很重要。

而厨房小白判断一口锅好不好用，重点就是「不粘」！


意可味微压锅通过表层凹凸孔设计，形成高硬度不粘层，达到物理防粘，让食材在锅底滑溜溜～


到底有多防粘？直接来看实测！

锅铲上下翻飞，糖色依旧不糊不焦，太厉害了～


大火收汁也很轻松，再也不用担心糊锅！


同时意可味微压锅还在内壁添加了昂贵的人造耐磨蓝矿石颗粒！

甄选珍贵的深海蓝矿石，人工打磨成碎状后，通过融射技术加入内壁，令微压锅具有耐磨、坚硬的特性！


用钢丝球使劲在锅底刷刷刷，仍不留痕迹，好品质有目共睹。


用纸巾轻轻一抹即净，清洁起来太方便了！


一口锅能用十年，真的有点子实力在身上～



意可味深海蓝钻微压锅

28mm规格（送硅胶铲）：159元
28mm规格（送硅胶铲）+蒸屉：169元
32mm规格（送硅胶铲）：179元
32mm规格（送硅胶铲）+蒸屉：189元


重量约等于3瓶水、女生单手拎
大容量、高颜值...细节满满

说到这款锅的细节设计，同样贴心、值得信赖！

锅底采用3层复合锅底设计，煤气&电磁炉都适合，不挑炉灶，随拿随用。


锅身整体非常轻盈，单锅只有1.3kg，约等于3瓶水的重量，女生也能单手拎起。


立体锅盖设计，能够轻松立住，做饭时灰常方便，再也不会受忙脚乱了～


舒适手柄+单边提手，耐热又防烫，即使是刚刚关火也不怕被烫，卡在水池边清洗正合适。


更有6升超大容量！可以容纳进一整只鸡，一整条鱼，不用担心菜量不足的情况。


整体锅身是大气内敛的灰蓝色，非常ins的外观，适配各式风格的家装，给家中增添格调～


省时、好用，做出来的食物还好吃！

更重要的是，煎炖煲炸涮样样都行，有一个微压锅相当于拥有五口不同功能的锅，真的性价比hen高！


相同规格的意可味深海蓝钻微压锅，旗舰店现在即使是券后也要229元～269元，虽然已经比较划算，但是还不够。


因为我们这里所有规格还要再统统降价50元！！！

意可味深海蓝钻微压锅
28mm规格（送硅胶铲）：159元
28mm规格（送硅胶铲）+蒸屉：169元
32mm规格（送硅胶铲）：179元
32mm规格（送硅胶铲）+蒸屉：189元

现在买到就是赚到～大家抓紧下单！
-电商广告-




（市场推广）",https://mp.weixin.qq.com/s/Dh_REePaxWN-5NnBMj2KYA
1,1,水淹图书千万册，绝版书也毁了,"北美留学生观察
2023-08-03 09:38 Posted on 美国","来源|南风窗
ID|SouthReviews
作者|施晶晶

图书老板们没有想到，雨水和洪水先后来得如此迅猛。

仅仅一天前（8月1日10时许），网上书店“中图网”还在微博上报平安，“中图网库房暂时安全”，他们联系了沙袋、排水泵、发电机，准备24小时值守应对。

但11个小时后，中图网就发文对外呼救：“我们的库房被淹了……同事们正在办公楼最高层第四层躲险，等待救援。”他们的库房位于河北保定涿州市开发区。
00:13
8月1日下午三四点左右，洪水漫进中图网仓储中心办公室/受访者苏鹏提供
8月1日晚21时许，中图网员工苏鹏告诉南风窗：“水已经快淹到二楼了。”为保证安全，他们只好到最高层4层避险。2个小时前，他们就联系了救援队。

没多久，苏鹏和同事就关上了办公室的窗户，他听说附近的胶带厂聚乙烯泄露，担心会损害健康。新京报引述涿州市高新区管委会相关负责人消息称，经检测，中图网仓储中心附近无有害气体。

公开资料显示，聚乙烯是一种热塑性树脂，无臭无毒，由乙烯经聚合制得，而乙烯是一种无色、稍有气味的气体。

8月2日上午10时，中图网在微博发文：涿州被困员工已全部安全撤离。

中图网在微博发文称涿州被困员工已全部安全撤离

人尚能往高处避险和撤离，但苏鹏告诉南风窗，库房里的400万册图书遭了殃，他们的三个库房中，只有一个库房有三层，剩下两个都只有一层，为方便搬运，绝大多数图书都被放置在一楼，离地只有一米左右的高度。

涿州聚集着众多国营或民营图书出版商、印刷公司，在企查查上检索，就有超过800条相关结果。

不只是中图网，同一时间遭殃的存书库房众多，遭水灾的图书不下千万册。

7月29日到8月1日9时，涿州遭遇了一场暴雨。
中央气象局数据显示，涿州所在的保定市，日降水量突破历史极值，整个华北地区，日降水量同样突破历史极值的站点共有16个。邢台更是在2天时间里就下了相当于正常年份2年的雨。
华北地区日降水量突破极值站点统计
7月31日，暴雨持续了一整天，雨水又积聚形成了破坏力更大的洪水，而涿州，是6条河流的交汇地带，防洪压力极大。
这天一早，担心库房里的图书受积水内涝影响，位于涿州码头镇的一家小型图书公司老板刘旭，7点就赶到了堆码图书的仓库。
洪涝是猝不及防到来的。几乎是“哗”地一下，水就从脚面涨到了膝盖以上。刘旭连同五名工人一起急急地展开抢救措施，用麻袋装土、装沙，试图堵住仓库门口，水流越来越急，越来越高，人几乎站不住。
中午12点，他不得不和工人从仓库撤离，一本书也来不及带。
库房内受洪涝侵袭的图书，漂浮在约一米高的水上/受访者刘旭供图
这时，水已经涨到了和人的脖子齐高。他身高一米七还多，也就是说，水已经有一米六深了。
“人在走道上几乎走不动，一个不稳当就能被冲倒”，而这已经是最浅的水位了，村里的低洼处水深已经达到三四米，“一层房子都没了”。
袁昆是天问求索文化发展有限公司的老板，“天问”是涿州规模较大的一家图书公司，库房面积2600平方米，销售有3万多种图书，总价值上亿元码洋（图书出版发行部门用于衡量全部图书定价总额的计量单位）。
袁昆告诉南风窗，31日大约上午9点，第一波洪水来了，水径直涨到地面上七八十公分的高度。这个高度将将与库房书架的底层齐平，差一点就要淹没图书。
00:12
刘旭的图书库房/受访者刘旭供图
好险，袁昆捏了一把汗。
事出突然，没有一点点迟疑的空间，袁昆和家人、公司工人迅速把库房地面上散落的书搬到架子上，把低层的书搬到高处，又搬来沙袋堵在门口。9个人从一大早忙活到下午2点多，想着“应该能堵上”。
可没想到，下午3点，第二波水来了，堵在仓库门口的沙袋很快被洪水冲得七零八落，水位顿时涨到了齐腰深。水直接漫过了书架。
天问库房，书淹在水中/受访者袁昆供图
这时，袁昆才得知一个消息，涿州市领导来了，挨家挨户地让大家撤离，并提到了上午的行洪只是1/3，后面还有两次行洪。因为她在产业园区，所以没能得到提醒。
“就算是提前一天给你准备，也处理不了那么多书——连准备的机会都没有。”袁昆无奈。
袁昆明白，仓库里的书是保不住了。水太猛了，眨眼就冲垮了9个人半天的努力，她感到人的渺小。
最后，他们只能把存放公司重要信息的电脑放在房顶。“什么也带不了，只来得及逃命了。”
8月2日上午11点，袁昆在涿州市第三中学安置点校门担任维持秩序的志愿者/受访者袁昆供图
库房里的水漫到了腰部，室外的水则已经淹到了脖子。袁昆的丈夫在最前面开路，一行人手拉着手才在水里走出一条路来。
袁昆了解到，西刘庄村是受灾最严重的村子之一，因为它紧挨着两条河流——东侧是大石河，西侧是北拒马河。
当时整个村里只有一只皮划艇，截至受访时的8月1日傍晚，还有人没被救出来。
同一天，图书出版商“北京集文天下”在涿州的库房里，没有人来上班，雨太大了。
办公室负责人袁媛告诉南风窗，直到晚上，才有人去库房看了一眼，发现大部分书都被淹了。此时，水位仍在上涨，大家只好先撤退，转移到安置点。
库房内受洪涝侵袭的图书，漂浮在约一米高的水上/受访者刘旭供图
袁媛人在北京房山的办公室，她几次联系在涿州的经理，信号也总是断断续续。
刘旭也在当地出版业的微信群里看到，很多人手机没有信号，处在失联状态，有人跑到楼顶找信号。一幢楼房的一层、二层已经淹没，人们就站在三楼房顶等待救援。
刘芳的图书公司位于涿州码头镇的北京西南物流中心（涿州园）。
7月31日这天，洪水刚来的时候，她听到了大喇叭广播里通知大家撤离。她还记得，村干部在广播里喊：有亲戚的投靠亲戚，没有亲戚的上高处去。
起初她没有太放在心上，“什么地方算高，在我看来，我家二楼就算高了”，抱有一丝侥幸，她选择和夫妻俩辛辛苦苦打拼了十几年的家当待在一起——她说，那是她的身家性命。
00:15
泰源博文图书仓库前的洪水/泰源博文图书员工提供
可她没想到，洪水来得那么快。
当刘芳发现情况不对劲的时候，水位已经及腰，“差不多得有一米二三”，仓库外面都是水，最深的时候，已经远远没过了高台，估摸着能有三四米深，所有的车都淹了，他们也已经走不了了。
她在群里呼救，想要知道洪水从哪里来，还有多少。“其实我们是有机会逃出来的，但是我们错过了。”刘芳说。
刘芳开始拨打救援电话，不论是朋友圈里的，还是抖音刷到的，她都不放过。
手机信号也在一点点变差。
凌晨5点，在手机还能发信息的时候，她告诉了家人自己的处境，通过妹妹，她最终联系到了正在附近救援的救援队，才得以脱险。
00:03
涿州码头镇被救援的居民/受访者刘旭提供
当地的救援难度不小，回想7月31日当天的场景，刘旭告诉南风窗：“（洪水）水流特别大，武警和消防官兵开着皮划艇、冲锋舟，也很难掌握方向。”
洪水水位之所以前所未有的深，除了突破历史极值的暴雨，也和园区的低洼地势脱不开关系。
北京西南物流中心（涿州园）集中着众多图书出版商，2018年一份招商信息显示，其库房面积约13万平米，位于涿州市码头镇，当时已入驻出版社及出版商60余家。
从地图上看，码头镇地势较周围明显偏低。一名出版商向南风窗透露，西南物流园区的地势类似于一个“坑”，后来被填起来，在上面建了园区，但园区地势仍比路面低一个斜坡。
更重要的是，涿州还是一个水系发达的城市，河流密布，六条河流交汇于此。与此同时，保定市水利防汛抗旱服务中心督察专员张晓兰2021年也指出，涿州所在的保定市上游有93座水库，下游有三个蓄滞洪区。
北京西南物流中心（涿州园）所在的码头镇地形图，这里地势低洼，河流密集
从库房撤离后，刘旭和工人们先是被拉到了镇上的一家医院，又被转移到涿州市职业教育中心，临时安顿在学生宿舍。
官方信息显示，涿州职教中心位于涿州市区，占地面积238亩，建筑面积约12万平方米。刘旭估计，职教中心安置了能有上千人。
刘旭向南风窗展示了安置点的状况，8月1日下午6点，被转移的受灾人员坐在宿舍的钢架床上，床上光秃秃的，“后续还会安排用的、盖的（用品）”。
8月1日下午6点，涿州职教中心宿舍安置点/受访者刘旭供图

距离刘芳脱险已经有24小时，她继续在朋友圈里转发着各种可能有用的救援信息，她“希望这（些信息）是真的”，能够帮到还没有逃出来的人。
刘芳似乎还想说些什么，她总是编辑一条长长的语音消息，然后再撤回。
她发给南风窗的最后一条语音消息这样说：“我今年四十多了，我们不知道台风意味着什么，其实我一开始在济南，我是来这避险的，结果回来了，却迎接了更大的台风。”
8月2日凌晨两点，她更新了朋友圈，她似乎多了一点乐观：“感谢大家的惦记，孩子已经安全撤出。谢谢每个帮助想办法的朋友。”

苏鹏无法准确评估存书受损的实际情况，但他告诉南风窗，中图网被淹的库房里有许多绝版书。
前几天他才去过库房，看到了放置在一层的《王安石变法》，“零几年出版的，比较稀缺，现在网上已经溢价了”，大约有三四十本，而这仅仅是稀缺图书的其中之一。
“我们那边很多中华书局的书估计全都没了。”苏鹏告诉南风窗，仓库中还有许多90年代出版的图书，以及市面上比较难找到的大部头……这些老书大概率都毁在了这场突如其来的洪水中。
“书本来就是纸质的，即便是带上塑封，也会进水。即便现在进水不多，但是一旦塑封进水的话，由于接下来的高温，这些书很快就会霉变。”
00:16
8月1日下午三四点左右，中图网仓储中心办公室一楼，同事们正在向二楼转移/受访者苏鹏提供
中图网另一名员工杨鸣告诉南风窗，仓库漏水是图书储存过程中常见的问题，他们之前也遇到过类似的情况，但是洪水不像雨水或自来水，洪水里面混杂着许多污泥，图书一旦被这种污水浸泡，已经没有了任何二次利用的价值。
“天问”公司专营图书馆装备，给全国各地的大中小学、农家书屋等配货，库存规模在业内较大。因为数据都存在电脑里，很难估量库房内具体的书籍册数。袁昆清楚的是，仅是书的品种就有3万多种，码洋总量价值上亿元。
北京西南物流中心是全国最大的图书物流仓储基地，除了河北涿州园，还下辖丰台园、房山园，这些地方也是此次暴雨的重灾区。
8月1日，北京西南物流中心发函致受灾客户，公司所属涿州、房山园区受到不同程度的洪水灾害。
北京西南物流中心发函致受灾客户
北京西南物流中心宣传片介绍，三个中心园区占地面积1200余亩，仓储面积达70余万平方米，图书品类的年吞吐量达到200亿码洋。
多位出版商都认为，这一次灾害直接冲击了出版行业的半壁江山，多家大型出版商也发布公告称，订单延期发货。
刘旭的公司之前开在北京，搬来涿州不过五六年光景，这是现今涿州大部分出版商的共同经历。据北京媒体千龙网报道，这些集中于涿州园区的图书企业库房在2017～2018年集体迁出北京。
在涿州园区的西北方向4公里外，可上京港澳高速，东南方向也可接入北京南六环。
刘旭说，更便宜的房租和便利的交通条件，是吸引文教图书出版企业在此聚集的主要原因。
00:48
被洪涝冲散到室外的图书，浸泡在水里/受访者刘旭提供
刘旭担心的是，出版行业因此元气大伤，造成短时间内的图书供应紧张，更重要的是，一众图书出版商此时也遭遇资产受损，面临着资金链断裂的危机。
“现在库房的书全都不能要了，之前有好多供应商的货我们还没结账。”袁昆说，“单靠我们的力量太难了。我们希望供应商能减免一部分货款，不能减免的，延长我们的付款时间，还有客户能尽快付掉之前的欠款。我们也希望能给一定的经济补偿。要不然，我们真的太难了。”
不同于农业受灾有更健全的保险保障，图书受灾也缺乏保险兜底。
袁昆对南风窗回忆，2018年时，保险公司还有为图书出版企业提供意外险，主要对洪水、火灾等意外灾害造成的损失进行理赔，曾有同行买过这类保险。
但她听说，这个险种近年来已经取消了，她也没想到，这里会突然遇到如此罕见的洪灾。
00:19
8月1日下午4点08分，洪水朝库房涌去/受访者苏鹏提供
另一名书商告诉南风窗，北京对图书管理较严，许多公司在北京设有办公室，但仓库在河北，仓库异地经营，“保险公司不一定会管”。
据界面文化报道，一位中型财险机构地区负责人称，她所在的保险公司不会单独给图书提供投保服务，因为“水淹和火灾风险太高”。
该公司曾经接受过新华书店的投保，还是在把书和楼、车等资产统一打包的情况下，而且计算的图书价格为实洋价格，而非码洋价格，收不抵支。（编者注：可以简单理解为，码洋是书的定价，实洋是实际销售的价格。）
在等待洪水褪去的当口，袁昆已经开始谋划灾后公司重建。
“洪水结束后，我们要重新找库房，重新买书架，重新组织货源，让公司尽快运作起来。16个工人，我们要保证他们有饭吃。起码得弄得像样一点，有那么点规模，货架就得花大几十万，库房、进货加在一起，最少也得几百万。”
（文中苏鹏、刘旭、刘芳、杨鸣为化名）
首图为天问库房，书淹在水中，图片来源于受访者袁昆

南风窗
冷静地思考，热情地生活。
5073篇原创内容
公众号
  关注它，能让你听到更多真话，
多一分对世界的理解。
北美留学生观察
世界名校留学生们的根据地，留学生家长们的教育内参，200万中国青年长期订阅的优质读物
2916篇原创内容
公众号",https://mp.weixin.qq.com/s/b1wkZJ5pJqOYL9JPvyk1qQ
2,2,香港争抢内地精英：一场错位的奔赴,"北美留学生观察
2023-08-03 09:38 Posted on 美国","来源|36氪
ID|wow36kr
作者|苏子华

最近半年，拿到中国香港身份的内地人才数量，超过过去10年之和。
待了5年，郭启启已经熟谙香港生活的“潜规则”。
生意场上，初次见面别人总会先问他住哪。郭启启后来明白了，香港地窄，每一寸角落都有它的价格，别人可以通过你住的社区，判断你有多少资产，“然后决定和你讲哪个阶层的话”。
租房时见房东的第一件事，是展示工资流水单。这是他多次搬家积累的经验——既证明自己租得起房子，也暗示了社会地位：这个外地人不是穷小子，不是好欺负的。
孩子能否上好的幼儿园，取决于家长能否通过面试。“爸爸最好是老板或公司高管，妈妈独自带娃不用上班。如果公公婆婆还在工作，一看就没什么钱，那可能很难通过面试。”
一种残酷浮现于眼前：这个社会的阶层筛选比想象中开始得更早。
郭启启当初在北京的国企上班，安安稳稳，但为了追求人生更大的可能性，便申请了香港优才计划去香港创业，那时每年的名额是1000个，申请人不多。
但今年年初起，一切都变了。身边好多朋友来和他打听怎么申请香港身份，这是从前没有的。
很快，一场香港移民热潮在内地精英中蔓延开来。
腾讯北京总部楼下，有员工在等夜晚的班车时，会谈论起香港优才计划；广州的微信总部，有部门领导特意邀请香港移民中介，来到挤满员工的会议室里，讲解如何申请香港身份；有中介特地从杭州飞到北京，给来自字节跳动的客户介绍香港的方方面面。
“香港”从来都不是一座城，而是一个意涵丰富、色彩迷离的文化符号。香港是狮子山下，也是东方之珠，是维多利亚港，也是中环，是梅艳芳，也是李嘉诚。
时移势易，2018年的中美贸易战、2019年的黑暴事件，以及紧随其后的几年疫情，深刻地改变了香港。
对于内地中产而言，香港身份依然具备不俗的吸引力，但这其中也充满诸多谋算、错位，和同床异梦的现实。
移民申请单的两端，一边是寻求Plan B的内地中产，一边是抢人不设上限的香港政府——即便申请者们顺利获得香港身份，这仍是一段错位的奔赴。
（维多利亚港，图片来源：视觉中国）
想获得香港身份的内地精英在想什么，龚武可能是最懂他们心思的人之一。
龚武3年前从公务员岗位离开，投身香港保险业务，顺带着做香港身份申请，主要服务中高产人群。他发现，对香港身份最渴望的有两种人。
一种是孩子正在上四、五年级的家长。因为再过7年，孩子就要高考，香港永久身份证持有者可以在高考中以比内地考生平均低150分的情况下，进入同样的985、211大学。
而通过香港优才计划，获得香港永久身份的期限正是7年。
另一种是最近一两年打算生小孩的。按照香港规定，在香港出生的小孩，出生即香港人，“一劳永逸”。
“大部分人都是为了小孩，他们并不一定喜欢香港。”龚武说，“中产们最担心阶层下滑，保证孩子也是中产，就是最重要的人生课题。”
业务的“爆发”是从2022年10月开始的。
那时，港府宣布“香港优才计划”开始“不限量”。包括龚武在内的多家中介机构告诉36氪，他们的公司员工常常加班到凌晨，为蜂拥而来的内地中产和高净值客户申请香港身份。
想要香港身份的人太多，多到龚武与合伙人不得不主动拒绝一些生意。“我们合伙人的微信未读消息通常保持在四位数，消息根本回不完。”
火爆的生意之下，是香港毫不掩饰的急迫，它前所未有地渴望内地精英。
一位到香港考察的创业者告诉36氪，“在香港稍微正式的商务活动、会议，就可能会碰到投资推广署、财务司的领导。”
有一次，他夜里11点多给投资推广署的官员发微信，询问开设业务相关的事情，没想到对方秒回，耐心地给予指导和鼓励。
在优才计划“不限量”之后，2022年12月底，香港又启动了“高才计划”，加大抢人力度。
只要满足前一年的年薪高于250万港元，或者在全球百强大学获得学士学位，均可凭此签证来香港工作或生活，无需先找到工作。
香港高才计划学校名单中，内地高校共有北清复交等9所上榜。有人欢喜有人愁，社交网络上“为什么我的母校不够格”的讨论立刻炸开了锅。
香港财政司司长陈茂波到大学访问时，呼吁学生们：“不用先找工作，先来香港！”
到了7月2日，香港特首李家超甚至亲自招揽人才，透露港府正考虑继续放宽高才计划的申请门槛。
效果是惊人的。今年前5个月，香港已经高效地批出4.9万份申请。
也就是说，这半年里通过引才计划获得“香港身份”的内地精英，已远超过过去10年的总和。
这多少值得惊奇和发问：香港到底有多缺人？
答案是极其。过去两年里，香港流失了14万劳动人口；2022年幼儿园招生数减少了四分之一；自2020年7月1日到2022年底，香港居民经机场离港的净移出数目超过40万人。这些人流向了新加坡、英国、加拿大、美国等地。
如今，热情涌入的内地精英，甚至超过了香港移民局网站服务器的承载。一位通过了“高才计划”的申请者，在预约身份证办理时，因访问量过高，连续多天无法刷进预约系统。
理想的情况是，这些内地精英可以填补香港流失的劳动力空缺，缓解香港的人才焦虑。
然而热闹的表象下，是尴尬的另一面：这些申请者中，相当比例的人并不真正打算去香港工作和生活。
一位刚刚通过优才计划拿到香港身份的消费公司中层管理者说，“只是因为小孩，想给他多一个选择的可能性”。
她坦言，自己的生活和工作圈子都是在内地，不太可能去香港。优才计划和高才计划每两年需要一次续签审批，她正在发愁“不去香港怎么续签通过”。
这也是龚武的客户们最关心的问题。在他接受过咨询和实际办理的客户里，互联网大厂的人最多，尤其是程序员。
除了中产人群，年轻的00后清华金融系在校生David也填报了“高才计划”申请。提交一天就被审批通过，他感叹港府的高效。
David是北方人，从深圳去香港办理身份证时，他经历了一次小小的culture shock（文化冲击）。
穿梭于香港的大街小巷，他能看懂街头的广告牌文字、菜单，却听不懂同样肤色和面孔的人嘴里的粤语，甚至无法用普通话让对方理解。“一种很错配的感觉。”
（香港街头，图片来源：视觉中国）
David加了很多个已通过“高才计划”的人的微信群，里面各行各业的都有，“问了一圈，没人真的想要去香港工作”。身边同学和朋友对香港亦无太多向往，“大家基本把它当作一个两年的旅游签证来对待。”
一直以来，“香港”代表着更高的薪水，更低的税负，更自由包容的社会环境，更完善的法制环境，象征着繁荣、公平与可能性。
但这一切，都基于一个现实前提：能在此处“揾到一份工”。
香港的就业吸引力下滑之快，超乎很多人想象。
过去，香港是一个人才高频流动的市场。“大家一般两三年会跳槽一次，每次工资涨幅30%，也有高过50%的。”在香港干了8年猎头的黄仁告诉36氪。
黄仁记得，大概是2021年中旬，因为人才大量流失，一些企业不得不加薪招聘填补空缺。但与以往不同，企业主要招聘有经验的人士，尤其是工作时间5-8年左右。
对于应届生的招聘并没有很多。“可能对未来预期不明朗，不敢再花大量时间培养应届生了。他们希望招进去的人立刻能上岗做事。”那段时间，校招已经大不如从前。
然而，进入2023年，连有经验的人也不招了。
在香港外资投行做IPO业务的Elsa抱怨，往年还没到金三银四，每周都有猎头来找她。而今年，金三银四过去，一个猎头都没来。Elsa调侃，“降本增效的风气已经从内地吹到了香港。”
伴随着的，是不间断的金融业大裁员。
同在香港投行做IPO业务的Jason发现，从2022年下半年开始，不仅同事越来越少了，连同行也越来越少了。
办公室里，同事们的心思都被裁员名单牵引着，今天哪个部门又裁了多少人，哪家公司又裁了多少，“只是裁多裁少的问题，大家人人自危。”
放眼望去，到处都是裁员的消息。花旗、德银、渣打、摩根大通、摩根士丹利……从商业银行到投资银行，从董事总经理到普通职员，从上到下，无差别裁员。
情况越来越糟。据港交所统计，2022年全年，共有47家香港券商宣布停业，创历史之最。今年以来，倒闭潮继续，第一季度又有12家券商停业。
券商的水位高低，取决于香港IPO市场的潮涨潮落。而香港IPO，则是中国内地新经济创业的一面镜子。
从2010年左右开始，美元资本主导了蒸蒸日上的中国移动互联网浪潮，那些拿了美元投资的企业，大多将上市地选在港股和美股。
港股的巅峰时刻出现在2018年。那一年，港交所募资额在全球证券交易所中重回第一，前十大IPO项目全部来自内地：每家募资金额都在50亿港元以上，排名前三的是中国铁塔、小米和美团。
小米和美团这两家新经济代表公司赴港上市，最大推动力是香港2018年的上市新政——允许拥有同股不同权架构的公司上市。这引领了一波巨大的浪潮。
时任港交所行政总裁李小加表示，“目前内地仍有源源不断的新经济公司准备2019年来香港上市”。
阿里巴巴2019年在香港完成第二上市，单这一个案子就占了当年港股IPO全年募资总额的3成。
一年后，临门折戟的蚂蚁金服上市，几乎成了内地新经济公司在港交所最后的高光时刻，“当时全世界的钱都集中在香港”。
而最近两年，内地到香港上市的企业肉眼可见地少了，“手头上已经没有要IPO的新项目了。基本都是之前的存货。”Jason说。数据和体感也很吻合：德勤称2023年上半年，港交所IPO募资额在全球排名第六。
低迷的IPO只是最后一环，更深刻的变化，是中国内地创投美元基金时代的落幕。
IT桔子数据显示，2022年专注于中国的私募股权基金募集的美元资金锐减超80%，创下近十年来最低。
外资撤离中国，对中国创业生态是一种结构性的冲击。
一位投资人认为，“2023年会是一级市场分水岭的一年。过去两年，美元在中国越来越难投，投不出去，也募不到资。”
香港大学金融学教授陈志武在接受《端传媒》采访时说，“以战争催生的经济发展和以贸易市场催生的经济发展，在结构上很不一样。”
他认为，过去靠全球化贸易驱动的南方经济，接下来要退居二线了，传统的、偏权力驱动的北方式增长模式和结构将重现。
那些和生活相关的产业会被冷淡，比如阿里、美团这类主要改善生活质量的行业——过去，他们主要由美元资本驱动。
相反，硬科技类、国防类的项目会得到资源倾斜。这批由人民币基金主导的新企业，更愿意在A股上市，而非港股。
矛盾就在这里。香港优才和香港高才计划的获批对象，主要来自于金融和科技互联网两个领域。
金融是香港最大的、几近一枝独秀式的支柱产业，其他传统支柱产业则在持续萎缩。
政府统计数据显示，2020年金融业在香港的GDP占比从2010年的16.4%升至23.3%，而贸易、物流、旅游均有明显下降，旅游业的GDP占比从2010年的4.3%骤降至2020年的0.4%。
以投行为例，Jason觉得，同行们背景都很相似：家庭条件普遍不错，都是常青藤、清北复交一类学校毕业，薪水很高，能力值相似。
“这是一个很连贯的行业，在学校时，同行们就被灌输毕业了去投行，精力旺盛，一路升级打怪，拿着百万年薪，在这种精英文化中沿着惯性走下去。”
直到惯性突然中断。香港IPO市场何时会恢复，Jason预测不出来，5月，他选择离开投行。
最能够量化这种焦虑的，应该是写字楼开发商。以投行为首的金融行业大裁员导致香港中环办公楼空置率突破25%——即便是他们降低了租金，仍没能留住这些金融客户。
而香港科技产业贫瘠，本身就很难吸收多少就业。
一位香港本地的科技创业者告诉36氪，当他决定创业时，坚决地将团队设在了北京和上海；一位北京的大厂程序员研究了一个月香港的招聘网站，也没找到适合的机会，“多是海外大厂的BD岗位，开发岗极少，发展前景感觉不如内地大厂。”
既渴望人才，又无法提供足够的、有吸引力的高薪岗位——香港似乎陷入一个无解循环。
（香港中环，图片来源：视觉中国）
“月薪28万港元，招一个公务员岗位，担任“香港投资推广署署长”，主要负责促进全球投资香港等等。”
“月薪7万到8万元，派驻北京，担任内地家族办公室联席主管，覆盖北京、天津、河北、辽宁、黑龙江、吉林、甘肃、新疆、宁夏及内蒙地区，主要负责吸引所在区域的富豪到香港开设家族办公室等。”
——香港特区政府官网上，能看到港府推出的针对“招商引才”的新岗位。
“港府在这个事情上很上心，他们很早就来找我推荐候选人，我身边就有朋友加入了他们家族办公室团队。”某香港家办创始人赵开观察道。
缺钱，便无法支撑大量的高薪岗位。当外资撤离，内地草根们的创业热情衰减之后，香港需要引入“新钱”来巩固国际金融中心的地位。
先富起来的内地富豪，成为了极佳的“招商对象”。
在改革开放的40多年中，中国第一批富裕家庭已经成型，并逐渐进入到二代接班的阶段。这时，设立家族办公室是确保家族财富得到妥善管理，实现保值、增值并分配给后代的一种方法。
香港投资推广署家族办公室环球副主管何晓曈在接受媒体采访时表示，更多家族办公室落地香港，不仅可以带动更多投资管理及相关专业服务需求，甚至地产、零售等消费市场，其带来的基金、信托也能进一步丰富香港的资金池，增强香港的融资能力，为金融服务业创造更多商机。
此外，家办或许还能够成为内地VC们的募资对象，改善创业生态。这可能对于香港整体经济结构转型会有深远影响。
从投行离开后，Jason机缘巧合下接受朋友的邀请，在6月份加入了一家香港家族办公室，帮助某内地富豪打理一级市场投资业务。
他们的办公室设在香港，享受香港对家办“免税收”的政策，但他和同事们平时基本在内地活动，看一些国内的项目。这是他目前能找到的少有的、能看到上升趋势的金融赛道。
“这不是一次很刻意的转型，”Jason说，“更像是被时代洪流裹挟，跟着香港的节奏转换到了新赛道。”
据毕马威《2022年香港私人财富管理报告》显示，2021年，香港私人财富行业资金净流入达6380亿港元。香港高净值人士（可投资资产超100万美元）18.2万人，财富管理规模10.6万亿港元，其中41%来自内地，预计未来5年将增至51%。
不过，这还不是内地富豪的全部潜力。
根据胡润2022财富报告显示，截至2022年1月1日，中国千万资产家庭较上年增长2.5%至211万户，亿元资产“超高净值家庭”较上年增长3.5%至13.8万户。
中国富豪一下子成为了“香饽饽”。全世界都盯上了他们：
今年3月，港府发布八大利好措施，吸引家族办公室：税务宽免、新“资本投资者入境计划”、成立香港财富传承学院、启动家族办公室服务提供者网络、推广机场的艺术品储存设施、发展香港成为慈善中心等；
香港地产商也翘首以盼，称该群体“有利于香港写字楼租赁业务的复苏”；
开曼群岛金融服务部长安德烈•伊班克斯5月特地访问了新加坡和香港，希望在亚洲设立办事处，争夺这些富豪去开设家办。
人人都盼着内地富豪慷慨出钱，但富豪们有自己的考量。
香港家族办公室合伙人赵开告诉36氪，内地客户更关心资产未来的安全性，这是第一位的，“很多人其实更倾向于在海外开设家族办公室。”最近，来找他的内地客户最关切的问题是境外投资，咨询量相比往年大概能翻3倍。
内地富豪能填补上外资流失的空缺吗？能为香港商业带来多少活力？又能有多少富豪最终会选择香港，而不是它最有力的竞争对手新加坡？
目前还没人能给出答案——就好像要回答“香港精神还能激励当地年轻人吗”这个问题一样。
香港曾经也是穷的，梅艳芳、周润发、成龙这些出身贫寒的人士都成长于那个历史阶段，融入80后、90后的青春记忆里。
那个时候，香港人还相信，努力有机会成为下一个李嘉诚，努力有机会成为下个巨星。那个时候，脍炙人口的粤语歌主题鲜明，刻画人间烟火、社会现实，诠释着“香港精神”：能吃苦、乐观、团结努力。
那个时候，小人物是香港的底色，小人物翻身是最常见于香港的都市传说。
如今，走进香港街头的餐厅，可以听到音响中传来不知所云的抖音神曲。
郭启启还记得送孩子入学那天，那是所不错的幼儿园，校长自豪地表示，他们培养孩子，未来是可以给李嘉诚打工的。他错愕，“给李嘉诚打工成了人生理想？”
香港的故事还将继续。只是，它不再是从前那个香港了。

（郭启启、龚武、David、Jason、Elsa、黄仁、赵开，为化名）
封面来源｜视觉中国

本文作者苏子华，首发于公众号“36氪”（ID：wow36kr），中国领先的新商业媒体，提供新锐深度的商业报道。欢迎关注。
北美留学生观察
世界名校留学生们的根据地，留学生家长们的教育内参，200万中国青年长期订阅的优质读物
2916篇原创内容
公众号",https://mp.weixin.qq.com/s/CEqVFkHaq6Lvktvh6HvxYw
3,3,“芭比海默”被日本大规模抵制，网友：你们不反思一下为何你们被核爆？,"Original 青年璐 北美留学生观察
2023-08-03 09:38 Posted on 美国","看过芭比，久闻奥本海默。
但看到“芭比海默”这个组合时，不少人还是沉默了。
谁能想到这两个毫不相干的电影，竟能被“巧妙”结合在一起…
甚至有了“团魂”呢？
由于上映日期临近，且都是今年关注度极高的电影，一些网友在社媒上大胆玩起了梗。
原本网友玩梗无可厚非，还能帮电影延续热度，但其中两张玩梗图，引发了日本网友的强烈不满。
其一是上面这张，看图说话，仿若《战火中的芭比》。
奥本海默肩扛芭比，身后是原子弹爆炸后火光四射的场景。
有了这张图，谁还能记得肯？
其二是将芭比的发型换成原子弹爆炸的“蘑菇云”…
当原子弹引发的蘑菇云变成发型，竟然毫无违和感？
稍微了解历史的人都知道，二战美国向日本广岛、长崎投掷的两颗原子弹，造成几乎毁灭性伤亡，是日本人心中永远的痛。
火上浇油的是，《芭比》电影的官方账号活跃于众多“芭比海默”的高赞帖。
还在这样的玩梗图下评论：“这将是一个难忘的夏天”、“这个肯是个造型师”、“我们永远想着粉色”…
更引来了日本网民的集体炮轰。
他们认为这是在戏谑日本历史，无视原子弹对日本民众造成的毁灭性伤害：
“太麻木不仁了”、“不能容忍用原子弹玩梗”，
“我绝对不去看这部电影”、“抵制芭比”…
“原子弹爆炸的22万受害者中，大多数是平民。这不仅不合适，而且完全是恶意的。作为一名日本公民，我要求取消《芭比》在日本的上映。”
“即使看了芭比，我也不认为我能完全享受它，因为在我看的整个过程中，他们嘲笑原子弹爆炸的事实会一直留在我的脑海里。”
《芭比》就这么还未在日本上映，就走上了被日本抵制的道路。
还有日本网民为了反击，合成了芭比与“9·11”事件被撞大厦的梗图…
由于8月6日和9日是美国向广岛、长崎投放原子弹的纪念日。
舆论发酵后，这件事迅速引发了日本主流媒体的重视，纷纷报道了“芭比海默”引发的争议。
《奥本海默》是部讲述领导美国研发原子弹的科学家奥本海默的传记片，目前尚未在日本上映。
《芭比》则原定将于8月11日在日本上映。
眼看着玩大了，对日本网民来势汹汹的怒火，华纳兄弟日本分公司不得不对此道歉：
“《芭比》电影官方账号近期发表的言论让我们深感遗憾。我方对此非常重视，已要求美国总部采取适当行动，并向受到冒犯的人们道歉。”
另一方面，英国《卫报》报道称，华纳兄弟美国总部拒绝置评。
到底听谁的？
美媒也对此进行了系列报道：
华盛顿邮报《华纳兄弟也加入了“巴本海默”的玩梗行列，这在日本可不是开玩笑》
TIME《“芭比海默”核表情包在日本激起愤怒》
BBC：《芭比电影:华纳兄弟为回复原子弹表情包道歉》
说到底，这次是华纳兄弟理亏，服软道歉也是应该的。
再怎么玩梗搞宣传，也不该狠戳别人的软肋，揭别人的伤疤。
或许经此一番磋磨，也能让疼了的日本网友学会换位思考。
别轮到自己身上的时候，自己拿历史揭别人伤疤，又当没事人了。

01
2015年的时候，日本公共广播公司NHK曾进行一项民意调查。找了一些20岁以上的日本年轻人，询问他们对原子弹爆炸事件的看法。
在“即使是现在也无法原谅”和“这是不可避免的”两项选择间，49%的人选择了前者，40%的人选择了后者。
看似一半一半，很多人选择认为这是历史的必然性。
但现实中，拿原子弹的事情开玩笑，他们是断断不接受的。
原子弹爆炸后满目疮痍的广岛，图源：BBC
有两个比较典型的事件。
2015年，长崎原子弹爆炸70周年纪念日，日本迪士尼却在同天的推特贴文称：“祝大家在这个无关紧要的日子里愉快！”。（Unbirthday被译成了无关紧要的）
一时间，引发日本网友猛烈抨击。
最后迪士尼紧急刪文道歉。
2018年，日本一家电视台取消了韩国流行乐队防弹少年团(BTS)的原定演出。
原因是该乐队的一名成员，被拍到穿着印有长崎被轰炸的黑白照片的t恤。
衣服上还印有“爱国主义”、“解放韩国”的口号。
日本人对原子弹事件敏感，可以理解。
毕竟，根据估算，广岛35万人中约有14万人死于1945年8月6日的爆炸。三天后，长崎遭到轰炸，又造成至少74000人死亡。
并且在随后几年里，原子弹释放的辐射又接连导致数千人死于辐射病。
这段惨痛经历，无论放在哪个国家，都是难以磨灭的至暗时刻。
社媒平台X（曾推特）上，一位网友发帖称：“我祖父在广岛，直到原子弹投下前几天才离开。在蘑菇云下死亡的人中，有许多是玩芭比娃娃的孩子。”
广岛市的一名日本人告诉BBC，78年过去了，广岛市将“继续努力传播关于原子弹对身体和心理影响的知识，以及原子弹幸存者对核裁军的希望”。
己所不欲，勿施于人。
可惜日本作为侵略者时犯下的残酷罪行，很多日本人却记不住了。

02
战争无疑残酷，两枚原子弹导致无辜伤亡者众多。
放在长岛人民身上，这固然是一段悲痛历史。但别忘了，二战中中国有着更为沉痛的历史。
抗战期间，中国军民伤亡共计3500万人，其中死亡人数达1800万人。 
日本在此期间，曾对中国犯下惨无人道的罪行。
南京大屠杀，永远是中国历史上最黑暗的一页。
在侵华日军南京大屠杀遇难同胞纪念馆的石壁墙上，用中英日等多国文字镌刻着“遇难者300000”。
它向世人昭示着日本侵略者的罪恶，也让国人铭记曾经遭受的屈辱与伤痛。
然而时至今日，我们没有等来日本官方的一句道歉。
反而看到后者越来越多的歪曲历史的行为。
日本电视台播放战后70年系列报道《南京事件》中，节目最后承认当时日军确实发生了对中国人的虐杀。
可是当谈论南京大屠杀这件事时，他们却开始质疑当年的数字。
一位日本在华留学的女大学生说：我只记得我们的教科书上写的是，“那个时代的日本军队杀害了中国人。”
可是究竟有多少被害者，书上并没有记录。
被篡改的日本教科书
2001年日本《诸君》杂志2月号做过一次调查问卷。
接受调查的23人中，大部分人认为死亡人数无限接近于0，小部分人认为死亡人数在4-5万左右。
因为错误的历史认知，很多日本人丢失了对这段历史的愧疚感。
好在，尽管此类歪曲事实者众多，这份历史的真相，关乎中国民族尊严的事实，依然有大批国内外正义之士在守护。
写下《南京大屠杀》的张纯如，用生命还原真相、留下了泣血记录。
尽管“气得发抖”，经常失眠、做噩梦，经历体重骤降和头发掉落，
张纯如还是把那些砍头、活焚、活埋、在粪池中溺淹、挖心、分尸等等酷刑，一字一句地写了出来。
《张纯如·南京大屠杀》纪录片海报

93岁的常志强是南京大屠杀的幸存者。

1937年，他目睹了父亲、姐姐、弟弟被日军残杀，

胸口被刺伤的母亲在挣扎着给2岁的弟弟喂了最后一口奶后死去。

来源：视频截图

65岁的夏淑琴，在1994年踏上日本国土。

她是战后第一个赴日控诉南京大屠杀暴行的幸存者。


如今，南京侵华日军受害者援助协会登记在册在世的幸存者仅剩44位，
但更多中国人，会铭记这段历史。
那些抵制对原子弹事件玩梗的日本网友，也希望你们别忘了——
你们的先辈也曾在战场上，亲手锻造过人间炼狱。
在你们为本国利益抵制“芭比海默”的时候，请做到，起码不要再歪曲历史。
永远不鼓吹记住仇恨，但真实的历史永远该被铭记。

 - 近期直播推荐 - 
留学生日报
已结束直播，可观看回放
观看回放
90天治愈签证焦虑！如何抓住快速绿卡的“历史机遇”
视频号
北美留学生观察
世界名校留学生们的根据地，留学生家长们的教育内参，200万中国青年长期订阅的优质读物
2916篇原创内容
公众号",https://mp.weixin.qq.com/s/i7S0wZVPjLZyn4e35sS4Lg
4,4,H1B二轮抽签结果公布！海底捞了7.7w人，还是没有我...,"北美留学生观察
2023-08-03 09:38 Posted on 美国","在大家千呼万唤的期待下，H1B第二轮海底捞终于来了！

当地时间7月31日，美国移民局USCIS发布消息称，已经完成第二轮H1B抽签来达到24财年的配额 ——

USCIS在第二轮筛选中选出了77,600名注册者。

根据USCIS官网数据，两轮过后，2024财年H1B抽签总数为188,400人，整体中签率约为24.8%。



目前，已有幸运鹅在社交媒体上分享了自己“成功被捞中”的喜悦；

但还有很多小伙伴无奈表示：捞了7.7w人，还是没有我...

没抽中的同学们不要难过。

比起一味地焦虑，不如早早拓宽新思路。
虽然，想要靠H1B留在美国的可能性越来越低，但眼下，也正是美国快速移民和利好政策的窗口时机——
新法EB-5投资移民，不仅90天左右就可以拿到合法身份，而且，这也是对中国大陆地区唯一没有排期的移民方式，主打一个稳准狠！

H1B没被捞中如何自救
听专业律师讲解备选方案👇
留学生日报
已结束直播，可观看回放
观看回放
90天治愈签证焦虑！如何抓住快速绿卡的“历史机遇”
视频号

谁可以从EB-5新法中获益？

一言以蔽之，适合家庭条件比较优越的国际人士。

| 第一类：依靠H-1B、L1等临时工作签证的雇员

H-1B的中签概率在14%左右，僧多粥少。利用新法EB-5的“双递交”条款（concurrent filing)，半年左右获批EAD卡，摆脱雇主sponsor，选择雇主自由。

H-1B员工一旦被layoff, 能用来找到新雇主的时间仅有60天，在当下的难度可想而知。一旦有了EAD卡，就不必有60天的时间限制，自由度大的很多。

申请流程：



| 第二类：子女低龄，不急于赴美的家庭

一张绿卡对于还没有上本科的、有多个子女的留学家庭来说，经济价值最为明显。

实现绿卡身份后，子女入读公立学校，从小学到高中学费全免；升本科入读名校概率大大增加，且可不受限制选择高薪专业；奖学金、助学金、助学贷款选择多。

低龄孩子家长实现陪读自由，无需额外签证。并且有了绿卡加持，投资国际资产更加方便。

申请流程：



| 第三类：子女考虑就读美初、美高，父母陪读、在美创业人群

低龄留学，父母陪读是最好的选择。并且美国的商业环境鼓励创业。在美国16%的劳动人口是自己创业；55%的人有创业经验；99.9%是小企业。尽早拿到美国绿卡，方便企业家们在陪伴孩子的同时，尽快实现美国创业梦想。

申请流程：


留学生日报
已结束直播，可观看回放
观看回放
90天治愈签证焦虑！如何抓住快速绿卡的“历史机遇”
视频号
为什么这一次新法EB-5的机会如此珍贵？

1
无排期的机会极少出现，而且不会持续很久
2
EB-2/3排期越来越久，机会越来越难
3
NIW、EB-1A赛道越来越拥挤
4
EB-5无需排队等待，一次性解决全家绿卡
5
EB-5的“乡村项目”（rural area），截止至2023年8月的排期公告，既无“隐性排期”，又无“公告排期”

2023年8月排期公告
新法EB-5介绍

2022年3月，美国职业移民第五优先类别：EB5投资移民推出新法案，成为对于中国大陆投资人当前唯一没有排期的职业移民类别，通过在美双递交及选择移民局优先审批的乡村项目，预计90天左右就可以拿到“准绿卡”身份（移民局双递交收据），后续发放工卡后即可就业或创业，不需要找雇主sponsor OPT、H1B、EB-2/3。

截止到2023年7月，TEA项目（城市高失业率、乡村、城市基础设施）无“公告”排期。
新法EB-5五大优势

1
通过“双递交”，90天左右快速实现“准绿卡”身份
2
3～6个月左右拿到EAD卡，工作自由
3
乡村项目（rual area）投资人，1.5年左右可获批临时绿卡，一步到位解决绿卡问题
4
乡村项目投资人，5年左右快速还款成为可能
5
如果孩子21岁以下且未婚，实现全家绿卡


留学申请需要提前规划，移民更需要踩准节奏。

北京时间8月5日（本周六）上午10点，我们邀请到美国贝特曼集团创始人刘宇先生以及留学规划专家林社长作客直播间，为大家详细解读EB5。

刘宇先生在从业的22年时间里，带领贝特曼参与了20多个EB-5项目，成功率达到100%，经验丰富。

如果你对eb5移民有任何疑问，不清楚如何规划才能将身份效益最大化，千万不要错过本周的直播哦。

点击下方链接预约直播👇
留学生日报
已结束直播，可观看回放
观看回放
90天治愈签证焦虑！如何抓住快速绿卡的“历史机遇”
视频号

直播间不见不散！",https://mp.weixin.qq.com/s/0UjmB6w_8fGuAMaVIk2hnQ
5,5,"康奈尔学长上岸亚马逊CS实习岗, 月薪$10000+的快乐谁懂......","北美留学生观察
2023-08-03 09:38 Posted on 美国","藤校康奈尔大学在读、计算机科学专业绩点名列前茅、本科就在科技大厂亚马逊实习...这样优秀的留学生是真实存在的？


Lucas同学就是这样一位学霸留学生！不仅如此，他现在在湾区的亚马逊软件工程师实习offer，每月可以狂赚1万多美金！


选对职业发展路径，
留美工作堪称坐火箭！

随着赴美求学的留学生越来越多，大家要想成功在美完成学业、就业、解决H-1B/绿卡等身份问题还能实现高薪，选择和努力同样重要！

就拿USCIS最新公布的H-1B注册数据来看吧，能够成功在美国找到工作，抽到H-1B的，66%都是计算机相关工作！而且人数是第二名6倍！


Lucas同学就是这样的成功案例，他早早确定了职业发展赛道，凭借着在康奈尔大学的学习和自己的努力，在北美科技行业找到了自己的一席之地。而像亚马逊这样的科技大厂，高薪+身份友好的优势更是让Lucas爱不释手。


“亚马逊办公室环境很舒适、让人很有工作动力。我们组比较创业风，日常需要自己多去探索、去学习。


实习过程中，我不仅学习了大厂运作模式，接触到了很多工业界的精英大佬，还积累了不少世界各地的人脉。目前我也在积极完成组内工作，努力获得亚马逊Return offer中。

*Return offer：用于给实习期表现优异的实习生，获得毕业后直接入职公司的机会！


Lucas同学是如何拿到亚马逊实习的？
北美留学生如何在美成功就业？
赶快扫码入群！听Lucas的经验分享吧！
如扫码有困难，请添加微信laiofferhelper12

如今，亚马逊也正在火热招聘在校生/应届生，实习、全职岗位均有！想加入北美一线大公司的小伙伴，可以赶快投简历啦！

扫描上方二维码入群，
还有完整亚马逊招聘汇总给大家哦！

截图来自亚马逊官网

还有亚马逊求职上岸大礼包！现在扫码入群，即可免费领取：亚马逊高频面试题、必会算法题、以及行为面试秘籍汇总！

如入群有困难，请添加微信laiofferhelper12

3个月拿到亚马逊Offer，
我靠的是实力！

有人觉得Lucas同学是名校光环+CS科班背景，自带留美找工优势，但其实，在工业界，唯一的衡量标准就是：实力。

曾经Lucas同学也以为，凭借学校知识，足以应对面试，但事实并非如此。比如在面试中，一道全新的题目需要在20-30分钟之内给出结果，这种解题速度以及对知识点掌握的熟练程度，如果不进行专门的准备和训练，是很难具备的。

Lucas同学也提前透露了一些亚马逊的面试内情，给大家尝尝鲜⬇️：


亚马逊面试内情大揭秘：

亚马逊实习岗位的面试包括：1轮Online Assessment(OA)和1轮大约45分钟的面试，没有团队匹配(Team Match)，顺利通过后会根据面试及个人情况进行分组。

Online Assessment:
OA成绩是对大家基础能力的证明，建议大家好好准备，争取Test Case全部通过。

正式面试：
这轮会包括30分钟Coding，15分钟Behavioral Questions (BQ)。日常准备时，大家要多多模拟面试，确保在面试中正常发挥！

那么，在校生如何具备北美找工实力？
如何展现工作潜力，拿到Return offer？
扫码入群，来听听Lucas同学的建议！
如入群有困难，请添加微信laiofferhelper12

现在入群，还可以
免费获得以下福利！

01
每日分享：软件工程师热门岗位

对于正在找全职/实习的同学，了解最新的放岗信息十分重要！毕竟现在大厂都是“火速开岗，招满即关”。

入群后，可以收到每日必投职位推送，附带申请入口，大厂最新招聘消息一网打尽！

往期每日岗位速递

02
入群免费get：面试官精品求职课

扫码入群后，你将可以免费参与到2023年软件工程师求职精品课中！来自谷歌/亚马逊等一线大厂的面试官手把手教你求职，还有已经上岸的同学们和大家一一分享求职秘诀！

快来看看本期都有哪些重磅讲座吧：
现在扫码入群，免费参加！
如入群有困难，请添加微信laiofferhelper12

03
求职咨询, 解题讨论, 一群搞定！

作为专门为求职软件工程师同学们准备的群，大家还可以免费参与到丰富的群内研讨活动：大厂近期常考题目、招聘趋势、行业新闻、1v1专属职业规划......你平常得不到的求职资讯全都有！

群内研讨活动，版权归来Offer所有

1v1求职规划截图，版权归来Offer所有

04
人手必备留学生专属求职手册, 快领！

正在/即将开启在美求职的你是否了解：美国哪里的工作机会最多、薪资最高？如何把握秋招时间线、高效求职？在美求职应着重准备哪些技能？如何解决工作身份？

现在扫码入群，即可获得留学生专属求职规划手册，从职业选择到OPT/H-1B等身份问题，一应俱全！

求职规划手册目录

快长按扫码入群，免费领取这些福利吧！
如入群有困难，请添加微信laiofferhelper12

最后，我们在本期活动中还安排了软件工程师岗位的免费试听名额！该课程中参与授课的老师都是北美一线科技公司资深软件工程师、面试官！

如果你想要秋招上岸
需要提升硬核技能，锻炼面试能力？
已帮助7000+留学生的
来Offer【软件工程师旗舰核心课程】
现在扫码入群
👇 即可免费领取试听名额👇
如入群有困难，请添加微信laiofferhelper12

想免费试听/直接了解课程？
快扫描下方二维码获取吧！



（市场推广）",https://mp.weixin.qq.com/s/37yqGTT2VFmHpklJdWn_Ug
6,6,11人遇难！求你们别拿“杜苏芮”蹭热度！,"北美留学生观察
2023-08-03 09:38 Posted on 美国","来源 | 视觉志
ID | iiidaily
作者 | 哈酥

最近这些天，超强台风“杜苏芮”不断刺激着人们敏感的神经，全国人都在关注着它的动向。

“杜苏芮”先是从福建晋江登陆，搅得沿海地区不得安宁。

中国气象台预计，“杜苏芮”或成建国以来登陆福建的最强台风之一，仅次于2016年的“莫兰蒂”。


紧接着，“杜苏芮”的残余环流继续北上，侵入内陆，导致全国十几个省份一片阴雨连绵。

京津冀成了重灾区。

北京房山、门头沟平均降雨量超过400毫米，最大降雨量接近700毫米，远超2012年“7·21特大暴雨”。


悲痛的消息还是传来——

截至8月1日6时，北京此轮强降雨已致11人遇难，27人失联。


一波未平一波又起。

“杜苏芮”还没走，今年第六号台风“卡努”紧随其后。

昨天中央气象局发布台风快讯，“卡努”一天连跳两级，从台风升级为超强台风，向着浙江沿海逼近。


一场台风，彻底打破了夏天的宁静。

而台风带来的灾难，远比我们想象中更加严重。



暴风雨来临之前

在“杜苏芮”来临前一周，福建人民就已经开始紧张起来。

为了应对“杜苏芮”，福建各个地区相继拉响警报，全力迎战。

短信轰炸预警，启用无人机在城市上空盘旋广播。


福州、厦门、泉州等多个地区实行“三停一休”，即停工(业)、停产、停课、休市。

到台风I级响应结束之前，全体人员不出门、车不上路。


在应对台风这方面，福建人民熟练得令人心疼。

超市被一扫而空。

整箱整箱的水和泡面往家里拉。


整条街的胶带卖空。

不认输的福建人，用胶带对抗着即将到来的台风。


市内所有雕像不是被五花大绑，就是被摞上厚厚沙袋。

大铁牛、背包客、垃圾桶......一个都不能放过。


马路两边的树木惨遭集体剃头，一眼望过去，全是光秃秃的。


或许是福建人面对台风的乐观逐渐让大家放松警惕，越来越多的人玩起“台风梗”。

有人期待台风赶快到来，好下一场大雨降降温。


有人想专程赶往沿海地区，体验体验台风过境。


有人出主意，台风天发朋友圈配什么文案。


就连台风也没逃得过饭圈。


没多久，公众人物也加入其中。

宋祖儿新剧杀青，发图配文“杀青日台风来欢送”。


《封神》正逢上映，演员于适出行遇到内涝，借此宣传电影“遇水则发”。


咱也不知道，风力高达15级的超强台风过境，到底“欢”在哪儿？又“发”的哪门子财？

娱乐至死的互联网，请停止玩梗吧。

这是灾难，不是儿戏。


台风过境

7月28日，“杜苏芮”从福建晋江登陆，所到之处，如同世界末日景象。

乌云袭来，顿时黑压压一片。


狂风呼啸，暴雨如注。


成片的树木倒折在地。


偌大的广告牌在空中乱飞。


落地窗玻璃瞬间碎裂。


狂风吹得整栋楼都在摇晃。


泉州体育馆顶棚隔热层被吹破。


高耸的塔吊、摩天轮竟然被吹得转动起来。


狂风骤雨之下，人们的日常生活也受到影响。

泉州50多万户停电。


上万公顷的农作物受灾，甚至绝收。

据统计，台风“杜苏芮”已造成福建省266.69万人受灾，房屋损毁近两万间。


后续“杜苏芮”风力减弱，中央气象台停止对其编号，不再报告相关信息。

但这并不意味着灾难结束了。


“杜苏芮”的残余环流，一路北上，波及范围扩大到十几个省份。

7月29日，中央气象台发布暴雨红色预警。

而上一次发布暴雨红色预警，还是在12年前。

谁也没想到，“杜苏芮”会对内陆的京津冀造成重创。

北京爆发山洪，场面触目惊心。

丁家滩村村口的牌坊快被洪水漫过。


首钢大桥下的公园顷刻间被洪水冲毁。


大量汽车、货车漂浮在水面上。


桥梁被冲塌，多辆汽车随之被冲进洪流中。


为了泄洪，北京首次动用1998年建成的滞洪水库蓄洪。


随之而来的是，交通近乎停摆。

多趟列车晚点，航班取消。

北京火车站的候车室，机场的等候厅挤满了人。


截至目前，此轮灾情累计造成13个区四万多人受灾。


时至今日，再谈起台风，人们依然忘不了7年前的“莫兰蒂”。

这是2016年全球海域的最强风暴。

当年，“莫兰蒂”在厦门登陆，给厦门人留下了深深的阴影。

狂风骤作，合抱的树木被连根拔起。

一夜之间，65万棵树倒伏在地；近两万间房屋被毁；这场台风共造成28人死亡。


两年后，另一超强台风“山竹”在广东台山登陆，造成五省近300万人受灾，5人死亡。


台风委员会有规定，为了避免混淆，全世界的台风命名是循环使用的。

但也有例外。

如果某场台风造成巨大损失和伤亡就会被台风委员会除名，以特指这场灾害。

以上提到的“莫兰蒂”和“山竹”都因此被除名。

台风的威力似乎在向人类展示着大自然无穷的力量。

而人类在此之下显得无比渺小。


中国人是打不垮的

暴风雨之下，多地发布暴雨红色预警，倡导市民非必要不外出，但有这样一群人却逆风而战，向大自然回应着人类的伟大。

北京暴雨不停，天安门的升旗仪式一如往昔。

一排排中国军人迈着铿锵有力的步伐，在风雨之中升起国旗。

震撼的场面仿佛显示着坚定的决心：

中国军人风雨无阻，坚不可摧。


台风之下，印证了事实确如此。

各地消防武警官兵镇守一线，奔忙在抢险救灾的路上。

有的战士甚至连夜不睡，顾不上吃饭、喝水。


暴雨导致北京列车中途停运，旅客滞留。

北京武警40名先锋队员徒步12公里为受困旅客送去食物等物资。


4架满载食品、毛毯等物资的直升机，紧急飞往北京门头沟火车站，为滞留的旅客空投转运物资。


怀抱小孩、背上老人，官兵战士蹚过湍急的洪水将受困人员转移到安全的地方，途中还将自己的衣服给老人、小孩穿。


河北武安，一名男子驾车过桥不慎被冲入汹涌的洪水中。

危急时刻，一名消防员“从天而降”，用吊车将被困男子救上岸，岸上民众纷纷鼓起掌。


还有一些战士在救援过程中英勇牺牲。

北京消防员冯振在带队救援被困山洪中的群众时，一名队员不慎被暴涨的洪流冲倒。

冯振见状，不顾个人安危，竭尽全力将战友推至安全区域。

被困人员和战友安全脱险，冯振却被洪水冲走，壮烈牺牲，年仅30岁。


每个坚守在岗位上的平凡英雄也应该被铭记，是他们默默守护着城市的基本运行。


泉州50多万户断电，上千名电力工人24小时备勤值班，很快为大家恢复供电。

防汛工作人员连夜出动，在最危险的地下通道等地方坚守，时刻关注着雨势。


北京一辆列车因为暴雨长时间滞留原地。

列车员越过塌方现场，徒步八百米将物资运送到乘客手中。

一位女乘务员颤抖着声音安抚着乘客们的情绪，一句话让整厢乘客安全感满满：

“我就是因为穿了这身衣服，我得对得起大家。”


河南新乡，一位村支书冒雨带队救人又救羊。


快递和外卖骑手冒着暴雨送货、送餐。


在这场灾难中，每个普通人也在尽自己的努力对抗着。

山东济南，一位老人陷在急流中。

一位路过的公交车司机看到后立刻停下车，赶到老人身旁。

这时，三四个热心市民也赶来帮着救人，一起将老人搀扶到安全的地方。


北京门头沟，一家三口被困，一名男子冒着危险驾驶铲车冲进洪流中，用挖斗救出他们。


我们庆幸自己生在和平年代，和平的国度。

但灾难似乎从未远离过我们。

挺过了几十年一遇的高温干旱，超强台风又突然袭来，大自然时刻在向人类昭示着它的深不可测。

在突如其来的灾难面前，我们对大自然的巨大威力了解越多，敬畏越深。

但是，我们过去没有、现在没有、将来永远不会被其所吓倒、所压垮。

因为我们有无坚不摧的中国军人，有坚守岗位的平凡英雄，有善良坚强的民众。

他们就是我们生生不息的希望源泉。

历史也一次次证明，无论面临再大的灾难，百折不挠的中国人民是打不倒的。

而这次，我相信我们也一定能挺过去。


正逢建军节，在此向英勇无畏的中国军人致敬，向暴风雨中的逆行者致敬。

愿山河无恙，愿所有人都能平安。

关于作者：视觉志（ID：iiidaily）用文字记录生活，用照片描绘人生，每晚听你倾诉喜怒哀乐，陪你走过春夏秋冬，撑起朋友圈数千万人的精神世界。本文作者哈酥。转载请联系（ID：iiidaily）授权。
视觉志
看见新生活
5275篇原创内容
公众号
北美留学生观察
世界名校留学生们的根据地，留学生家长们的教育内参，200万中国青年长期订阅的优质读物
2916篇原创内容
公众号",https://mp.weixin.qq.com/s/lxEJsmL1DZWgLSXg4u-CNg
7,7,被《上新了故宫》带火的5款国潮故宫手串，秒杀99元起，快抢！,"北美留学生观察
2023-08-01 09:37 Posted on 美国","今年，雍和宫的手串火了，
当我还在疑惑怎么要排队抢手串的时候，它却断货了！
古人云：“佛珠还与我珠同，我性即对佛性海”。

大家费尽心思抢购手串能有什么小心思呢，可能和我一样只是想get一条后妃们把玩的同款手串吧~~
不少明星私搭也能看到，常戴手串的人给人一种心胸广阔、对美好生活向往的感觉~
你看，近期很火的新中式禅意穿搭（又称佛系穿搭），

清冷感十足的气质，一眼望去不禁赞叹：本是天上仙，偶作红尘客~
近年很火的综艺节目《上新了故宫》深受大众喜爱，

从汉服到国潮周边单品，老祖宗留下的文化让人惊叹，也感受到了国风的魅力！
咱们选品费尽周折，终于给大家带来了这5款【御猫说 故宫手链手串念珠系列】，

有琉璃、玛瑙、十八子，古风十足，部分带流苏，可拿在手中把玩。
该设计理念灵感来源于故宫博物院藏品文物配色制作，都是国风质感~
拿到手小编迫不及待拆开看质感，

琉璃材质精工打磨而成，手串圆润饱满，晶莹剔透~~
眼前的手串，挽在手上尽显东方女子的万种旖旎，将中国风诠释的淋漓尽致。
为回馈粉丝，价格相当划算，在99~159元之间，仅此一批，库存不多！
御猫说 故宫手链手串念珠系列
5款国潮故宫手串，颗颗晶莹剔透、圆润饱满

粉丝开团价：99元起

⬇️点击下图即可购买⬇️

5款国潮手串
多种材质精工打磨
一条手串，揽尽千年宫廷技艺，岁月的见证者，承载了多少英雄故事。

以祥瑞为形，雅色娟娟，惊鸿一瞥亦是风华。
第一款：白首成约
这是一条金玉良缘系列手链，寓意“白首成约”，很适合给妻子佩戴哦~

细看之下，莹润有光泽，质地细腻饱满，非常优雅大气！
无需多余的雕琢、修饰，就能完美的展露古朴、浑厚之美，

有绿玛瑙、孔雀石、西瓜琉璃珠、银镀金白菜、银镀金隔珠、铜镀金莲藕构成。
天然花纹的孔雀石，被誉为爱情之石，相传寓意“幸福”。

实拍看质感，珠体晶莹剔透，圆润饱满，看得出来做工非常nice！

上手的瞬间，有一种“肤如凝脂”的感觉，和夏天很配哦！
老祖宗流传下来的饰品，且不说寓意，单单看着就很舒服~

这款仅售159元哦，还带证书，入手不亏！
御猫说 故宫手链手串念珠系列
5款国潮故宫手串，颗颗晶莹剔透、圆润饱满

粉丝开团价：99元起

⬇️点击下图即可购买⬇️

第二款：十八籽

金玉良缘系列手链“木石前盟”，由十八个不同的品种珠子构成，

佛珠中俗称“十八籽”，有着美好的寓意，兔形腰珠的添加使手串更为灵动活泼。

它比其他的手串更加古朴有质感，可以拿在手中把玩，佩戴在手上也很出挑！
《清稗类钞，服饰》记载：“香珠，一名香串，以伽南香琢为圆粒，大率每串十八粒，故又称十八籽。

也是后宫妃子们经常把玩的一款手串哦，衬托了女人的古朴优雅。

“十八籽”是由不同材质的珠子串成，

据说代表“十八戒”，犹如世间上的十八种烦恼，转动一颗就少一个烦恼！
每种材质都有不同的寓意，盘玩的时候要保持良好的心态哦，

这样才会“越养越好”，长期佩戴的人给人一种心胸广阔的感觉。
价格也很给力，只要159元即可到手，get后妃同款手链，

而且带证书，非常有质感，入手不亏！
御猫说 故宫手链手串念珠系列
5款国潮故宫手串，颗颗晶莹剔透、圆润饱满

粉丝开团价：99元起

⬇️点击下图即可购买⬇️
第三款：五色新雪手持念珠

古人语：“静虑离妄念，持珠当上心”。

千年传承，戴在手上让人有一种抛开烦恼，从而身心寂静的状态。
白色琉璃点点星光，宛若颗颗雪粒，晶莹剔透，颗颗饱满细腻柔滑。

浓浓中国情，不管是日常还是搭配服饰都很合适。
琉璃手持在日光或者灯光下照射，吸收足够光源后可在黑暗中发光~~
古人云：“瑞雪兆丰年”，这条手串的寓意也很美好哦，

只要129元，很划算的价格~~
御猫说 故宫手链手串念珠系列
5款国潮故宫手串，颗颗晶莹剔透、圆润饱满

粉丝开团价：99元起

⬇️点击下图即可购买⬇️
第四款：五色新雪

和上一款相比，这款是不带流苏的款式，白雪一般的琉璃，寓意很美好~

整个手串显得朴实庄重，深邃迷人。
当然，直接戴手上也是非常好看，自带优雅，很有格调~~
其质通透油润，星光点点的琉璃就像梦幻一般令人着迷。

只要99元哦，非常划算，别错过哦~

第五款：粉黛糖心

女子不露声色的美，往往就藏在腕间。
清风拂袖，袖底流淌的风雅，令人不经意间就沉醉当中。

这款灵感源自于故宫博物院藏品《粉彩雕镶荷叶香橼盘》，

以西瓜玉髓的色彩光泽做成首饰的结合，类似于桃花的颜色，寓意“桃运”~
配色清新柔和，玉髓色泽明亮而温润~

不管是细节打磨还是设计，都非常出挑，上手不显黑，很耐看！
里面形成的纹理和花纹线条清晰流畅，令人忍不住倾心~~

很适合夏天戴的一条手串哦，只要99元，巨划算啦！
御猫说 故宫手链手串念珠系列
5款国潮故宫手串，颗颗晶莹剔透、圆润饱满

粉丝开团价：99元起

⬇️点击下图即可购买⬇️

灵感源于故宫藏物
珠体圆润有光泽
古代工匠秉承人们的心愿，采用了各种材质的珠体寓意来搭配，
在饰物中表达这些诉求，既能与服饰搭配，也能在日常生活中把玩的饰品。
随着新中式火起来之后，很多朋友喜欢木质、珠体文玩，

其材质，让人感到静心。
其中琉璃，我国早已把它的烧制技艺录入非物质文化遗产名录，

在中西文化都有深远的意义。
琉璃每一颗都经过匠人21道工序吹烧制成，

可以看到做工精致，圆润有光泽，审美踩在当代潮流点上。
天然玛瑙也经过了优化处理，其颜色更好看、更统一，
孔雀石呈现浓绿，翠绿的光泽~
虽然不具备宝石的璀璨，但在古代，也只有达官显贵才能戴的材质。

颜值高、寓意好，品质佳，非常得体大方！
十八籽源于念珠，但是随着手串用料的华丽非凡，

其装饰作用远远大于它念诵经书时的计数作用，放到现在也是相当经典时尚。
都是精美礼盒包装哦，购买体验非常nice，送礼是一种祝福，自带也很精致，

关键价格低至99元，部分还带证书，这力度没得说！
御猫说 故宫手链手串念珠系列
5款国潮故宫手串，颗颗晶莹剔透、圆润饱满

粉丝开团价：99元起

⬇️点击下图即可购买⬇️
-电商广告-



（市场推广）",https://mp.weixin.qq.com/s/uTtn10kFJ9TC5F4vp2qu5A
8,8,新推特logo“X”从旧金山惹到日本，马斯克真是太会作了！,"北美留学生观察
2023-08-01 09:37 Posted on 美国","来源 | 旧金山湾区消费指南
ID | Guide-BayArea

前几日，推特大楼的旧标志遭到拆除，取而代之的是亮眼且醒目的“X”标志，用亮眼醒目描述或许不够准确，更应该称之为是“亮瞎眼”！
刚刚过去的这个周末，新“X”标志引起了旧金山推特大楼附近社区居民的一轮轮声讨。
图片来自ABC7，版权属于原作者
按说商业大楼做一些什么无伤大雅的调整并不影响他人，但这个“X”标志简直是光学污染，扰民啊！
周五晚上，不在乎电费的推特把灯打开，大楼顶部的新X标志宣告了新时代的来临。
马斯克还骄傲地分享了大楼新标志的航拍视频，看起来美轮美奂像那么一回事，可卖家秀和卖家秀完全是两回事！
图片来自ABC7，版权属于原作者
让亲身见识到的居民都会举起大拇指称赞一声亮啊，是真亮，是那种少见的，不顾他人死活的亮
大功率的X射线，明晃晃照进别人公寓内，大家都甭休息甭睡了。
最令人心态崩溃的是，这个X还不是单纯是静态的灯，它会一直忽明忽暗像一个动画不停闪烁。
图片来自CBS，版权属于原作者
旧金山居民克里斯托弗·比尔 (Christopher Beale) 住在推特大楼正对面，在他发布的视频里，X logo不停闪耀。
他无奈地说：“这就是我现在的生活。” 
“很难描述它让块街区变得多么明亮，它就像一道闪电划过。我们回到家，想看电影，但它从窗户里闪过，非常明亮，即使拉着窗帘，它也让人分心，以至于我们不得不离开房间，走到公寓不面向他们大楼的一侧。” 
住在街对面的杰西卡说：“从我的角度来看，这非常烦人，我觉得它太亮了！它直接闪进我的公寓，照亮了我的整个生活区域”
图片来自CBS，版权属于原作者
帕特里夏·沃林加(Patricia Wallinga)也住在标志的街对面，她认为这些灯光是“闪电”或“警笛”。 
“我很困惑......被影响的大楼里有很多老年人住户，我确信，我绝对确信这对他们来说是一个危险的干扰......这真是一场小丑表演。”
市民们理所应当的向市政府进行了投诉，从市政方面得到的回复：该公司旧金山总部的新标志并未完全按照规范安装。 
旧金山建筑检查部也对推特发起投诉，称该标志是在未经许可的情况下安装的。扰民三日后终于在今天又求仁得仁，被拆除了。
马斯克简直像个溜猫逗狗的恶霸，从西惹到东，还惹到了日本殿堂级摇滚乐队。
由于与热门摇滚乐队 X Japan 的商标名称发生冲突，埃隆·马斯克 (Elon Musk ) 最近的Twitter品牌升级在日本也被叫停。
图片来自NME，版权属于原作者
除了在美国的名称为“X”，而其他国家与地区都会在X后面顺理成章的加上国家或地区名。
但在日本却是个问题，因为早有大名鼎鼎的摇滚乐队 X Japan珠玉在前。对于不了解这个乐队的大家，可以将其类比成日本Beyond的地位。
图片来自NME，版权属于原作者
在谈到最近推特更名可能出现的冲突时，主唱Yoshiki表示，虽然他“尊重”马斯克，但他不希望粉丝就这个话题争论不休，而是寻求“积极”的解决方案。
“首先，我尊重埃隆·马斯克。我认为他非常有创新精神和鼓舞人心。几十年前，我在日本将乐队命名为“X”，这不是我应该决定什么，而是粉丝应该决定什么。与此同时，我不认为这是人们应该争论的事情——让我们从中做一些积极的事情。”
他还向平台上关心的粉丝保证，并写了一条双语推文告诉他们，他认为乐队的名称已经注册了商标，因此应该阻止社交媒体平台接管该名称。
图片来自Twitter，版权属于原作者
并且趁着热度发行了时隔八年以来的全新单曲
主唱也喊话，感谢大家，感谢粉丝的支持，我们才是X Japan！
图片来自Youtube，版权属于原作者
马斯克这股我独自潇洒，不顾他人死活的劲和钢铁侠托尼史塔克还真是一模一样。
不过现实生活不会那么容易如他意愿。总归还是要在规则之下，尊重他人，尊重社会。

本文由北美省钱快报小编整理，图片及信息来自ABC7等媒体，版权属于原作者。本文不代表本公众号立场，未经许可不得擅自转载，否则将追究责任。
北美留学生观察
世界名校留学生们的根据地，留学生家长们的教育内参，200万中国青年长期订阅的优质读物
2916篇原创内容
公众号",https://mp.weixin.qq.com/s/ZBdjC8EUIIffSgrNjCUGvA
9,9,“霉霉经济学”火了！一场演唱会相当于2.3级地震，资本圈杀疯……,"Original 编辑部 北美留学生观察
2023-08-01 09:37 Posted on 美国","泰勒·斯威夫特的美国巡演即将收官，各路美国专家都在为其折腰。
有一种震级，叫“霉霉来了”；
有种学问，叫“霉霉经济学”。
在美国，没有人能躲过霉霉演唱会的震慑力。

西华盛顿大学地震学家奥尔巴赫，通过地震仪监测了霉霉演唱会前中后期共10小时的数据。
结果发现，演唱会活动产生的声响和动静与2.3级地震相当。
这一监测结果公开后，迅速捕获了大量关注。
伦敦大学地震学家哈蒙德表示，人类聚集活动确实会产生大量能量，这种能量会以声波的形式在地下传播，并能通过地震仪测量出来。
听起来这震级令人吃惊，但实际上，2.3级地震算是很小的地震，一般只有演唱会附近的居民可以感受到，不会造成任何伤害。
要说霉霉演唱会在美国的影响力，放在国内相当于“五月天”、“周杰伦”的级别。
霉霉在西雅图的演唱会，一场可容纳7.2万人，想去现场除了要准备好钱，还要拼手速。

霉霉的演唱会有多火爆？
即使工作忙翻天的扎克伯格，去程还在查看13封电子邮件，也要携妻带女去看霉霉的演唱会。
在座名人还有超模吉吉·哈迪德（Gigi Hadid）。
美国知名演员詹妮弗·加纳（Jennifer Garner），也被发现在霉霉演唱会的现场。
除了名人外，最多的当然还是一众粉丝。
有钱买票去现场蹦迪的自然爽翻天，没有条件的霉粉，只能望霉止渴…
“我已经计划好了我想象中的旅行，用我想象中的钱，用我想象中的票，去想象中的‘时代之旅’美国第二站。
（说白话，就是——我在做梦）
要说霉霉的演唱会，向来场场爆满。
今年6月的芝加哥站，三天演唱会共16.5万张门票开售后几分钟售罄。
一度最便宜的票价高达约1300美元（约合9300元），“黄牛票”单价据说已炒到了3000美元。
8月洛杉矶站的山顶票，最低也要800刀起。
Sofi体育场
每次演唱会开场前，
当地为了迎接霉霉这一天王巨星级人物，都声势浩大，地铁、巴士全面加开班次。
芝加哥举办演唱会期间，直接打破了芝加哥酒店入住记录。
当周周末入住率高达96.8%，平均每晚有44,383间酒店房间入住，创下了芝加哥有史以来的最高记录。
8月初，霉霉将来到加州最大的体育场地——SoFi体育场继续开唱，
这也是她此次“时代巡演”的最后一站。
考虑到“霉霉经济效应”，当地有得准备了。

早在去年11月15日预售首日，霉霉Eras Tour北美52场演唱会200多万张预售门票，刚刚开卖就被狂热粉丝抢购一空。
据票务公司Ticketmaster统计，这一票房成绩打破艺人单日销售纪录，火爆程度甚至令购票系统数次瘫痪，平台被骂上热搜。
要看泰勒的演唱会，成本并不低。
有媒体算了一笔账，如果从湾区飞去墨西哥城看演出，往返机票+酒店住宿+门票，要差不多800美元。
单场票价早就超过了1000美元，更不用说还有大量黄牛把票价炒的更高。
QuestionPro的调查显示，去看泰勒演唱会的观众平均每场花费1300美元，用于支付门票、服装、旅行和食物等。
虽然成本高昂，但观众们都对自己的体验非常满意。有71%的人表示值得，91%的人表示还会再去。
泰勒的巡回演唱会启动至今，短短4个月，已经踏足包括亚利桑那州、佛罗里达州、田纳西州、宾夕法尼亚州等在内的10个州，场场爆满、座无虚席。
美联储在近期发布的全国经济形势调查报告中写道，
“5月，费城酒店收入创疫情以来新高，这很大程度上归功于斯威夫特在该市举办演唱会，从而带动大批游客来访。”
粉丝消费的领域，远远不止机票酒店和餐饮。
从唱片、帆布袋、海报、卫衣、手链......各种周边产品，也是一笔不小的支出。
各个地方看到了这种热烈的经济效应，纷纷向泰勒隔空致意，把热度再次提高。
比如今年5月，巡演到达新泽西州期间，州长宣布该州的官方三明治就叫“Taylor 'Swift' Ham, Egg, and Cheese the State Sandwich”。
还有更炸裂的。
3月，演唱会首演举办地、亚利桑那州格伦代尔市宣布将本市改称“Swift City”，该名称在演唱会期间生效（3月17-18日）。
泰勒演唱会的影响力之大，可见一斑。
媒体Pollstar预测，此次巡演，仅在美国的场次就可收获7.3亿美元，算上后面的国际场次后，最终票房有望达到14亿美元，一旦成功，就将成为全球首个票房破十亿美元的巡演，也将摘得全球票房之冠。
美国财政部也感叹，她凭一己之力带火了全美经济！
目前巡演还在进行中，
根据美联储估算，此次巡演总计将在美国产生46亿美元的消费支出，相当于35个国家的GDP总量。
这拉动内需的能力，也是没谁了。

美国人有多爱霉霉？
说到底，霉霉的演唱会之所以会如此轰动，与她高质量的舞台现场、热烈欢快的演唱会氛围密不可分。
霉霉上一次全球巡演，距今已经5年。
这些年，霉霉凭借她惊人的音乐才华，从2020年至今，连出三张原创专辑和三张再录专辑，歌迷们都极其期待现场听到她的新歌，一起参与这场音乐狂欢。
现实是美好的。她从不让人失望。
就目前已经完成的多场美国国内演唱会现场来看，确实是舞台漂亮，诚意满满，气氛炸裂。


每一场演出，她都唱满了近乎四十首歌。唱跳、吉他、钢琴样样不落。
舞美效果和服装更是风格百变，华丽又梦幻。
衣服全是大牌或者高定，从Etro、Zuhair Murad，到仙气飘飘的Elie Saab、Alberta Ferretti、Oscar de la Renta等等。
每一个造型都美出新高度，让粉丝大呼惊喜。
巡演中遇到高温或暴雨，霉霉也从不惧怕，总能出色地完成表演。
谁能不爱如此美丽活泼、又敬业又有才华的霉霉呢！
在舞台下，她的歌迷也非常活跃，不少人穿着霉霉曾经的各种造型去现场：
有模仿她的歌《反英雄》MV造型的（话说这能看到路吗）：
有带着女儿在现场欢乐跳舞的：
霉霉所到之处，热烈欢乐的气氛溢出场馆，没买到票的也能跟着开“露天KTV”，不管有没有票，绝不白跑一趟：
这么热烈欢乐的氛围，超高质量的舞台演出，难怪她的演唱会场场爆满，热度居高不下！
依据霉霉的社交平台，接下来“THE ERAS TOUR”巡回演唱会场次已经排到了2024年8月，在南美、亚洲也都有场次。
堪称劳模。

难怪智利总统、加拿大议员、匈牙利布达佩斯市长都“隔空喊话”，希望泰勒能去当地开一场演唱会呢。
参考资料：《“霉霉”开唱引爆演出市场！凭一己之力拉动美国经济，甚至引来美联储发文点赞》，第一财经
留学生日报
150
北美留学生观察
世界名校留学生们的根据地，留学生家长们的教育内参，200万中国青年长期订阅的优质读物
2916篇原创内容
公众号",https://mp.weixin.qq.com/s/EpAlfvwA4BfufemROMLH4g
10,10,LK-99超导验证重大进展！多个实验室宣称有望复现！,"编辑部 北美留学生观察
2023-08-01 09:37 Posted on 美国","超导领域连出重磅消息！
8月1日下午，B站up主关山口男子技师发布了一段视频，配文：
华中科技大学材料学院博士后武浩、博士生杨丽，在常海欣教授的指导下，成功首次验证合成了可以磁悬浮的LK-99晶体，该晶体悬浮的角度比Sukbae Lee等人获得的样品磁悬浮角度更大，有望实现真正意义的无接触超导磁悬浮。
消息瞬间刷爆热搜，发布仅仅数小时，播放量就将近50万。
在视频中可以看到，up主实实在在地验证了材料出现迈斯纳效应，
接下来只需要验证电阻，就能证明韩国团队的论文是否为真了！
评论区有大量网友在催促，up主也做了进度说明：
在加急实验了。再等等。
另一边，当地时间7月31日，美国劳伦斯伯克利国家实验室在 arXiv 上传了一篇论文，结论是支持 LK-99 作为室温环境压力超导体。
论文题目为《Origin of correlated isolated flat bands in copper-substituted lead phosphate apatite》。
论文一出，同样引发了热烈讨论。
在这次试验中，研究员使用美国能源部的计算能力进行模拟，称已经为铜掺杂铅磷灰石的超导性找到了理论基础，费米能级的孤立平带是超导晶体的标志。
他们利用计算机模型，描述了常温超导材料应该具有的特征，而韩国团队的LK-99材料恰恰具备这些特质。
完成这次实验的是劳伦斯伯克利国家实验室（Lawrence Berkeley National Laboratory，LBNL），简称伯克利实验室。
它是由加利福尼亚大学系统为美国能源部（DOE）运营的多学科研究机构，知名的国际物理研究中心，建立至今，共有12名相关学者获得诺贝尔奖。
连续不断的最新消息，重新给了我们复现超导的希望。
这一波超导实验热潮，是从上个月开始的。
7月22日，韩国科研团队在arXiv网站先后发布两篇论文，声称自己合成了“首个室温常压超导体”。
如此硬核的科研成果，刚发布就引发了强烈反应。
如果实验成真，斩获诺贝尔奖不在话下。
这已经不能用技术突破来形容了，这一波是技术冲出大气层冲向遥远的宇宙了。
在众多可能改变人类社会的黑科技中，室温超导材料是绝对的位列前排。
一旦实现，就可以无损耗导电，很多行业可能从此天翻地覆，意义实在是太重大了。

研究团队在新发表的论文中说，通过改良一种铅-磷灰石结构，用铜离子取代铅离子，产生应力，在微结构中引发畸变，从而可以在127℃以下表现出超导性。
论文作者之一Young-Wan Kwon不仅详细列出了实验材料的原子结构，甚至还传了一段视频。
视频中，磁铁上的材料保持着悬浮状态。这是迈斯纳效应，即为物体转变为超导体的特性之一。
“有图有真相”，连视频都有了，或许这次真的是个大突破？
视频中这个带来新突破的材料，被研究人员命名为“LK-99”。论文描述了该材料的结构、超导原理，并用实验进行论证，作者还展示了LK-99的外观。
这种材料是研究人员把多种含铅、铜和磷的材料经过一定组合后分别混合加热，制备得到的一种掺杂铜的铅-磷灰石晶体。
根据论文给出的实验结果，在127℃以下，给LK-99施加电流，在一定的电流范围内电压都基本为零，表现出了零电阻的特性。
论文宣称，温度、电流和磁场达到一定临界值后，零电阻现象也随之消失，符合超导体的性质。
也就是说，他们的实验验证了LK-99在室温常压下是超导体。
研究人员认为，铅磷灰石的部分铅离子被铜离子替代后，体积微小的收缩导致材料结构变形，进而在内部的交界面上产生了超导量子阱，从而产生了超导现象。
作者还测试了样品的零电阻效应、临界电流和磁场的变化关系等，来论证LK-99具有超导性。
不光内容详尽，这一次的研究人员们看上去也有着可信的学术背景。
这篇论文的研究人员全体都是来自韩国，且都与韩国量子能源研究中心（Quantum Energy Research Center）有关。
作者Young-Wan Kwon是高丽大学教授，主要研究领域包括凝聚态物理、先进材料等。他有多篇被引用超过100次的论文。
第一作者Sukbae Lee，是量子能源研究中心的CEO兼研究员，长期从事物理研究，尤其是高温超导方面。
其他成员也基本都在相关领域，团队水平看上去没什么问题。
到现在，这个实验的讨论热度在社交平台上节节攀升。

为什么一篇常压室温超导论文能引起这么大的反响？
说到底，常压室温超导技术究竟为什么特别重要？
简单举几个例子。
如果这项技术实现了，我们平时用的所有电器、电子设备中由电阻产生的损耗问题将完全解决。计算机无需考虑散热，运行速度效率将会极大提升，体积也能更小，家里的用电量还能再降低；
超导材料做成的超导电线和超导变压器可以几乎无损耗地输送电力，区域性的缺电问题将得到极大缓解；
超导材料的出现可以制作高速超导磁悬浮列车，磁悬浮轨道交通将大面积建设；
还有更科幻的，可控核聚变技术将有望实现，人类科学技术将进入一个全新纪元；
还有很多。
虽然论文内容振奋人心，但毕竟这是个严肃的科学问题。
要谨慎对待。
看到这，会不会有人发出疑问：
我们是不是前一阵才看过关于常温超导实现了的新闻？
没错，上一次常温超导领域闹乌龙，还是上一次。
2023年3月，美国物理学会年会上，罗切斯特大学的兰加‧迪亚斯（Ranga P. Dias）团队宣布：他们在1GPa（约等于1万个大气压）的压强下，镥-氮-氢体系材料中实现了室温超导。
这位老哥在超导领域是“前科”累累。
2020 年，Dias 团队发表 Nature 文章，宣称实现了人类首次高压室温超导。但该试验结果饱受争议、无法复现。2022 年 9 月，Nature 杂志宣布撤回论文。
2023年的室温超导结果仍然遭到了质疑。很多科研机构展开复现尝试，比如多个中国团队发布了针对镥化氢化合物的重复实现，出现了不同结果，实验均告失败。
但是，据Science报道，迪亚斯最近已经为一项新的室温超导材料申请专利。

老哥，你论文都撤稿了，你用什么申请专利啊？
目前，该专利申请目前尚未裁决，专利审查通常需要大约2年时间才能完成。
短短几年，光是一个团队就弄出这么多闹剧。
话说回来，这次韩国团队也闹了点八卦。
上述新研究实际上关联到两篇论文，第一篇提交时间为7月22日7时51分，第二篇则与同一日10时11分提交，两篇提交时间相差不足2.5小时。
论文均发表在预印本系统arXiv，尚未经同行评议。
所以为什么要分成两份？作者也不一样？
两篇文章作者人数不同，但有两位重合。就论文内容来看，第二篇更为详尽。
第二篇论文的作者之一、美国威廉与玛丽学院物理学教授Hyun-Tak Kim在接受采访时表示，第一篇论文里存在“许多缺陷”，并且“未经他的允许就被上传了”。
鉴于本次实验一旦被复刻证实，有极大可能冲击诺贝尔奖，因此很多人猜测，署名之争实际上是因为团队在谋划如何分配未来的荣誉，因为诺奖获奖者最多只能是三个人。
实验还没被复刻成功呢，团队自己这就开撕了？
多年以来，宣称实现“室温超导“的研究一个接一个，但所有的结果都令人失望，没有人能够成功复现任何作者的实验成果，部分研究还被撤稿。（比如上述那个）
这使得“室温超导“领域多了许多“狼来了“的故事，谁也不敢轻信别人宣称的结果。
这一次韩国团队的成果，讨论热度就不如上一次，很多学者在论坛上表示怀疑，很多网友在深扒团队背景和过往成果来推测其可靠程度。
但是因为这个技术实在过于炸裂，讨论热度越来越高。
这就热闹了。
不过，在出现多次学术欺诈，多少学者尝试失败的背景下，公众仍然对这一次的试验成果复刻充满期望。
没有别的原因，因为这项技术实在是太重要了。

和语焉不详、推三阻四、“实验材料丢失”的Dia团队不同，这次发表论文的韩国团队看上去诚意十足。
论文中不仅有详尽的数据、材料制备手法，论文中还介绍了详细的材料制备方法，而且材料成分简单、明确。
该团队成员Hyun-Tak Kim在接受NewScientist采访时表示：支持任何人复现他们团队的结果。
非常自信。
根据论文，想要制备出相同的材料，拿来检验韩国团队的实验结果，难度并不大。
那还等什么？动手啊！
从各类学术平台上不难看出，各路豪杰已经纷纷下场复现实验。
比如前几天在知乎上，就有网友表示有国内的学术机构已经开始试验。
这应该是比较早开始的，热度之高，超出了国外。
因为材料简单易得、价格低廉，实验条件容易复现、所以这些天还有不少“非专业选手”下场凑热闹。
真就手搓常温超导体啊！
总而言之，这次“复现热潮”归根结底还是两个字，简单。
随着时间流逝，各个科研机构、知名学者的试验结果陆续更新，相关理论也不断充实。
就目前来说，华科的研究人员发布的成果已经复现了迈斯纳效应，还在继续做实验；
美国的论文则证明其理论上的可行性。
现在，这一波超导热潮的热度还在节节攀升，这一话题不光在reddit、知乎上面讨论热度高，
连原材料价格也炒上去了！
甚至引发了投资领域的连锁反应。
不仅有人all in
概念股也火起来了。
既然复现实验确实进展顺利，
那么相信不久，我们就能得到一个最终结论。
让我们拭目以待。

北美留学生观察
世界名校留学生们的根据地，留学生家长们的教育内参，200万中国青年长期订阅的优质读物
2916篇原创内容
公众号",https://mp.weixin.qq.com/s/OpmLcDZDlRGGhltpIYp9FA
11,11,90天治愈签证焦虑，美国EB5“准绿卡”的速度与激情,"北美留学生观察
2023-08-01 09:37 Posted on 美国","对于毕业后想要留在美国发展的留学生而言，最头疼的事莫过于，找到了心仪的工作，但因为抽不到H1B而无法留下。

努力多年，熬夜赶due、搞project，GPA4.0毕业却还是不能为自己的人生多增加一些选择。

随着近年H1B中签率的大幅下跌，在社交媒体上，越来越多类似经历的留学生无奈发声...


（图源：小红书，版权归原作者所有）

每年H1B的中签率都是历史新低，现在能通过工签留在美国的人数比例加起来，不到3%。

H1B二轮海底捞来了！
听律师详解今年H1B中签情况
未来中国留学生中签率趋势👇
留学生日报
已结束直播，可观看回放
观看回放
90天治愈签证焦虑！如何抓住快速绿卡的“历史机遇”
视频号
比起一味地焦虑，不如早早拓宽新思路。

虽然，想要靠H1B留在美国的可能性越来越低，但眼下，也正是美国快速移民和利好政策的窗口时机——

新法EB-5投资移民，不仅90天左右就可以拿到合法身份，而且，这也是对中国大陆地区唯一没有排期的移民方式，主打一个稳准狠！


谁可以从EB-5新法中获益？

一言以蔽之，适合家庭条件比较优越的国际人士。

| 第一类：依靠H-1B、L1等临时工作签证的雇员

H-1B的中签概率在14%左右，僧多粥少。利用新法EB-5的“双递交”条款（concurrent filing)，半年左右获批EAD卡，摆脱雇主sponsor，选择雇主自由。

H-1B员工一旦被layoff, 能用来找到新雇主的时间仅有60天，在当下的难度可想而知。一旦有了EAD卡，就不必有60天的时间限制，自由度大的很多。

申请流程：



| 第二类：子女低龄，不急于赴美的家庭

一张绿卡对于还没有上本科的、有多个子女的留学家庭来说，经济价值最为明显。

实现绿卡身份后，子女入读公立学校，从小学到高中学费全免；升本科入读名校概率大大增加，且可不受限制选择高薪专业；奖学金、助学金、助学贷款选择多。

低龄孩子家长实现陪读自由，无需额外签证。并且有了绿卡加持，投资国际资产更加方便。

申请流程：



| 第三类：子女考虑就读美初、美高，父母陪读、在美创业人群

低龄留学，父母陪读是最好的选择。并且美国的商业环境鼓励创业。在美国16%的劳动人口是自己创业；55%的人有创业经验；99.9%是小企业。尽早拿到美国绿卡，方便企业家们在陪伴孩子的同时，尽快实现美国创业梦想。

申请流程：


留学生日报
已结束直播，可观看回放
观看回放
90天治愈签证焦虑！如何抓住快速绿卡的“历史机遇”
视频号
为什么这一次新法EB-5的机会如此珍贵？

1
无排期的机会极少出现，而且不会持续很久
2
EB-2/3排期越来越久，机会越来越难
3
NIW、EB-1A赛道越来越拥挤
4
EB-5无需排队等待，一次性解决全家绿卡
5
EB-5的“乡村项目”（rural area），截止至2023年8月的排期公告，既无“隐性排期”，又无“公告排期”

2023年8月排期公告
新法EB-5介绍

2022年3月，美国职业移民第五优先类别：EB5投资移民推出新法案，成为对于中国大陆投资人当前唯一没有排期的职业移民类别，通过在美双递交及选择移民局优先审批的乡村项目，预计90天左右就可以拿到“准绿卡”身份（移民局双递交收据），后续发放工卡后即可就业或创业，不需要找雇主sponsor OPT、H1B、EB-2/3。

截止到2023年7月，TEA项目（城市高失业率、乡村、城市基础设施）无“公告”排期。
新法EB-5五大优势

1
通过“双递交”，90天左右快速实现“准绿卡”身份
2
3～6个月左右拿到EAD卡，工作自由
3
乡村项目（rual area）投资人，1.5年左右可获批临时绿卡，一步到位解决绿卡问题
4
乡村项目投资人，5年左右快速还款成为可能
5
如果孩子21岁以下且未婚，实现全家绿卡


留学申请需要提前规划，移民更需要踩准节奏。

北京时间8月5日（本周六）上午10点，我们邀请到美国贝特曼集团创始人刘宇先生以及留学规划专家林社长作客直播间，为大家详细解读EB5。

刘宇先生在从业的22年时间里，带领贝特曼参与了20多个EB-5项目，成功率达到100%，经验丰富。

如果你对eb5移民有任何疑问，不清楚如何规划才能将身份效益最大化，千万不要错过本周的直播哦。

点击下方链接预约直播👇
留学生日报
已结束直播，可观看回放
观看回放
90天治愈签证焦虑！如何抓住快速绿卡的“历史机遇”
视频号

直播间不见不散！",https://mp.weixin.qq.com/s/RZaojfW-4AwwfOb6_tOY7w
12,12,山洪暴雨里舍命救人的这群中国人，也该上一次热搜了吧！,"北美留学生观察
2023-08-01 09:37 Posted on 美国","来源 | 最华人
ID | wcweekly
作者 | 令狐空

受台风“杜苏芮”影响下的本轮北方防汛预警还在继续。

截至8月1日6时，北京地区，此轮强降雨已经造成11人遇难，其中2人在抢险救灾中因公殉职；另有27人失联，其中4人因抢险救灾失联。

河北地区强降雨已致9人遇难，6人失踪。

遇难人员身份正在进一步核实中。

这其中，有为了不顾个人安危将战友推至安全区域，最后自己体力不支被洪水冲走的30岁消防队员——冯振。

因公殉职的消防队员冯振

失联人群中，有4人来自蓝天救援队。在北京房山区佛子庄乡白草洼村开展抢险救灾行动时，这4人不幸落水失联。

关注受灾人群，对遇难者深切哀悼的同时，我们又一次看到了这群蓝衣身影。

无论地震还是洪灾，哪里有需要，他们就在哪里冲锋陷阵。




这个时代还有大侠吗？看到他们，突然有了答案。

有这样一项工作，没有收入，没有补助，没有奖金，还要自掏腰包购买装备，甚至冒着生命的危险。怎么算，都是赔本的买卖。

但偏偏有这么一群“傻瓜”，毅然决然地投入其中，已经默默坚持了16年。

哪里有危难，哪里就有他们的身影。今年2月土耳其大地震，他们又义不容辞奔赴到了一线……

他们身穿蓝衣，有一个共同的名字——蓝天救援队。

2月6日，土耳其接连发生两次7.8级大地震，威力相当于130颗原子弹持续爆炸43秒。

许多建筑顷刻间被夷为平地，数万人被困于断壁残垣，死亡人数不断攀升。


蓝天救援队闻讯后立即自发集结，2月8日，全国各地100多名拥有地震救援经验的队员奔赴土耳其。

如此响应速度，堪称惊人。


截至2月10日，因土耳其强震死亡的人数已经超过2万，当地专家预测，可能有20万名民众仍被埋在废墟之下。

尽管已经做了很多预案，但突发情况还是超乎想象，余震不断，再加上寒冷的天气，给救援带来了许多困难。


中国国家救援队初立战功，与土方紧密配合，已经救出3名被困人员。

蓝天救援队，也在全力奋战中。



对于大家来说，蓝天救援队，可能既熟悉又陌生。

蓝天救援（BSR）成立于2007年，是由民间专业人员推动的纯公益紧急救援机构。

虽然不是官方组织，但他们的反应速度、救援装备、知识技能，都达到了顶尖的水准。

凭借着满腔热忱，他们每年执行超1000起救援，还从中国走到了国外，让世界看到了中国志愿者的责任与担当，感动了无数人。

● 蓝天救援队部分救援装备

迄今为止，他们已经覆盖了31个省市自治区，拥有50000余名登记在册的志愿者，受过专业培训与认证的超过10000名，是中国最大的民间救援机构。

为什么他们能够吸引那么多人加入呢？看看他们的历程就知道了。

“我志愿加入蓝天救援队，遵循人道、博爱、奉献的志愿精神，勤奋刻苦、努力训练、团结友爱、自助助人，在各种危机面前竭尽所能地挽救生命。”

这是蓝天救援队的入队宣言。

当2007年蓝天救援刚刚诞生的时候，许多人抱以怀疑的态度。费钱费力地冒着危险去救援，莫不没事闲的？

而在一片质疑中，蓝天救援默默发展，吸引了一些志同道合的朋友。仅仅一年后，他们就赶上了一场硬仗，一场非打不可的仗。

2008年“5·12”汶川地震，蓝天救援协助转运了5000多万元的救灾物资、为30多万人提供了临时住宿，在搜救方面却有心无力。


他们清楚地知道，每片废墟下都可能压着人。但因为缺乏专业的知识和机械，根本无法展开救援，只能拿着铁锹和镐，去人员密集的学校、商场、医院搜救。

不仅是他们，当时的中国绝大多数救援人员都是外行，专业救援力量才200多人。

这件事情极大地刺激了他们，从此疯狂恶补知识、增添装备，力求建立一支专业的救援队。

他们对队员的要求有多高呢？

拥有急救资格证书、业余无线电操作证书及呼号、野外生存能力，通过相关专业技能考试，入队12个月以上，服务出勤率达到30%或12个月累计达到200小时以上，才能成为预备队员。

● 图片来源：蓝天救援官网

如果想成为正式队员，除了满足上述要求外，还要完成蓝天救援全国大培训科目，参加过联合救援行动，成为预备队员12个月以上，关键岗位还需要专业心理测试合格。

高标准严要求，加上持之以恒的现场救援，知行合一不断改进，最终将蓝天救援打造成了一支铁军。

绝大多数队员，都拥有本职工作，坚守在各行各业。但召令一达，哪怕是请假，他们也会尽快出发。



自从汶川地震后，国内的任何一场灾难，诸如贵州抗旱、玉树地震、深圳滑坡、海南威马逊台风等，都少不了蓝天救援的影子。

各种小灾就更不用说了，他们每年执行超1000起救援，在不断摸索中建立了快速响应机制：

3分钟启动信息收集、30分钟根据预判决定是否启动救援、国内救援现场2~4小时抵达、灾区独立7*24小时工作。


还记得2021年夏天河南那场牵动人心的暴雨吗？

合肥一个网友发博称，给她剪了6年头发的发型师，一直不回复她的预约微信。

一看朋友圈才发现，发型师竟然还有一个身份——蓝天救援队队员。在接到通知后，连夜赶往河南支援去了。


后来有人拍到，洪水里，他紧紧抱着一个小女孩。


除了这名发型师，那个夏天，全国各地的蓝天救援队员都紧急驰援河南，累计救出被困群众13000多人。

同样是2021年夏天，甘肃白银举行百公里越野赛，遭遇突发极端天气。

21名参赛者不幸遇难，其余100多人性命攸关。

蓝天救援队共39名队员负责救援工作，发现情况第一个上山救人。


2013年11月，蓝天救援队走到了国外，首次展开了国际救援。次年的缅甸国际救援，在国际上引起了巨大反响。

为了寻找两名失踪的大学生登山队员，蓝天救援队响应缅甸求助，共派出32名队员，50余名保障队员，在缅甸赢得了口碑。

接下来的缅甸洪灾，尼泊尔地震、斯里兰卡水灾，蓝天救援都伸出了援手。不管是穿过震区，登上高山，跳入河流，他们都义无反顾地奔赴。

● 2015年8月，缅甸洪灾，中国蓝天救援队是第一支抵达的国际救援队

救灾工作困难重重，灾害地点普遍具有很高的危险系数，哪怕是专业人员，有时也会遇到危险，甚至付出生命。 

那个在2020年初，对儿子说“去武汉打怪兽”的爸爸，就是蓝天救援队江苏机动队队长许鹏。


当时的新冠疫情非常严峻，他和队友们纵横2000公里，走访了10家零配件厂，才弄到了100台弥雾消杀机。

他冒着雨连夜奔赴武汉，却因车祸去世。


还有遵义蓝天救援队队长邹鑫，在去年4月份，带领队友打捞沉到暗河洞里的乘船时不幸失联，被找到时已经离世，上百人自发站在高速出站口接他回家。

有网友说：“为什么我们根本不需要外国那样虚构的超级英雄？因为我们的人民，就是英雄的人民。”

就是这些无私奉献的英雄，也曾遭遇冷眼和怨怼，得不到应有的尊重和理解。



2021年5月9日傍晚，北京房山蓝天救援队接到求救电话。1名女驴友受伤，和她在一起的3人被困，还有3人失联，11人走散，加起来一共18个人。

蓝天队员火速集结，踏上盘旋于崖壁的山路，最窄的地方只能容下一只脚。历经数个小时的夜间搜救，终于在22时找到了迷路的11名驴友。

一些驴友们大喊口渴，蓝天队友把自己的水给了他们，导致后半夜断水。后来他们又找到了剩余的驴友，终于完成了一半的使命。


上山难，下山更难，本来山就险峻，还需要背着伤者。个别驴友不愿意帮助同伴，一些女驴友还情绪激动，坚持要用直升机。

“女驴友强烈要求用直升飞机，说花多少钱他们都出。当听说请直升飞机需要10到20万时，又都不说话了。”

最终，许多队员连晚饭都没吃，在又累又饿又渴的情况下，连续奋战18小时把18人救到了山下。但在安全下山后，他们却遇到了一件无语的事情。


一名驴友竟然从包里掏出两瓶水，悠哉地烧水泡茶。水在救援中是何等宝贵的资源，队员问为什么还有水，对方说：“做人需要留一手”。

碰到这种白眼狼，一些队员虽然气愤，但很快平复了心情，因为他们的队训就是：少说多做，默默奉献，完善自我，善待他人。 

如此专业，还顶着巨大的风险，按理说完全能够收费。但蓝天救援坚持分文不收，并拒绝任何广告，保持自己的独立性。

因为他们深知，所有的馈赠都有价码，必然会产生妥协，孕育出各种不公。正像甘肃蓝天救援队的队长於若飞所说：

“救援队的志愿者坚持尊重生命的原则，和赞助、金钱之类挂钩的话，也许本来能救回来的命就救不回来了。”


在於若飞的心中，更有一个伟大的理想——天下无援。救援的最高境界，不是挣钱学技术买装备。而是努力地传播救援知识，让每个人都拥有自救和互救的能力。

当每个人都拥有救援的能力，哪怕灾难突然降临，大家也可以积级互救，根本不需要等待他人。

这个理想很远，但千里之行始于足下，他一直在默默行动。多年以来，他已经开展了700余场公益防灾普及课，培训了近30万人。

一方有难，八方支援。虽然他们总在救援，但真心希望天下没有救援。


十步救一人，千里不留行。事了拂衣去，深藏身与名。

绝大多数人没有听过他们的名字，甚至不知道这个组织。但他们用实际行为，践行了“人类命运共同体”的伟大理念。

“没有谁是一座孤岛，在大海里独踞；每个人都像一块小小的泥土，连接成整个陆地。”

● 图片来源：蓝天救援官网

常常感慨这个时代好像已经没有了大侠，但侠义精神却像蓝天般笼盖四野。

只不过大侠并没有电影中那么酷炫，普通得让人无法察觉。

可能是发型师，可能是快递员，可能是程序员，可能是个体户，平常湮没在人群中，但危急时刻，他们总会挺身而出，以凡人之躯抵御所有灾难。

感谢一次次救人于危难的这群国人。

蓝天救援队的搜救工作仍在继续，祝福这群蓝衣，还有无数冲在前线的救援英雄们，平安归来！

本文转载自最华人，原标题《刷屏！在土耳其地震救援现场这批中国人，也该上一次热搜了吧！》
最华人
有华人的地方，就有最华人
1533篇原创内容
公众号

留学生日报
325


- 近期直播推荐 -
留学生日报
已结束直播，可观看回放
观看回放
90天治愈签证焦虑！如何抓住快速绿卡的“历史机遇”
视频号

北美留学生观察
世界名校留学生们的根据地，留学生家长们的教育内参，200万中国青年长期订阅的优质读物
2916篇原创内容
公众号",https://mp.weixin.qq.com/s/TRAgkdyCeP4Y6-95qE4zwQ
13,13,穿在身上的“小空调”！今夏爆火的液氨棉莫T恤，丝滑透气，凉感降温，好穿到爆~,"北美留学生观察
2023-07-30 09:38 Posted on 美国","正所谓「越简单 越高级」，买一件质感好的T恤，能穿好几年！

纯棉纯色T恤每年夏天都是主流，既能休闲也能正式，即可外穿也能内搭。


但它也被称为“月抛T恤”，几乎穿不了几天就会发黄，变形，而且洗两次就变硬！


有的用料不好，洗的多了，面料变薄、透肉、激凸，对任何人来说都很没面子！


所以这几年混纺T恤逐渐占领市场，成为夏日清凉小心机的首选面料。

今天小编就给大家推荐一款大品牌卖爆了的混纺T恤——60S液氨棉莫T恤。

上身凉感降温，所以也被称为“穿在身上的小空调”！


無*良品代工厂出货，46%莫代尔+46%棉+8%氨纶，吸湿透气性好！！


棉中皇帝和液氨黑科技相辅相成，T恤具有丝绸面料般的柔滑和细腻！！


做工精细，几乎找不到缺点，让人很难不爱，穿久了也不易变形，发黄，变硬！！


男女同款，多颜色可选，经典纯色，时尚百搭，闭着眼睛选都不会出错~


一眼高质量！！识货的已经开始3件起入了，無*良品液氨系列同款，仅需59.9~69.9元就能到手！

推荐理由
1
無*良品同款液氨处理技术，凉感降温
2
新疆棉+莫代尔混纺，清爽透气有弹性
3
60S精梳纺织工艺，挺括细腻不扎人
4
经典版型，男女同款，多色可选更百搭
5
同款售价198元，今天仅需59.9~69.9

米馨悦 液氨棉莫圆领短袖
大牌同厂，丝滑透气，凉感降温

开团价：女款59.9元；男款69.9元

⬇️点击下图即可购买⬇️


大牌同款液氨处理，凉感降温有质感

我们的工厂是就是無*良品代工液氨系列的主厂之一


这款T恤经过無*良品同款“液氨处理”，好似给普普通通的纯色T打了800支“水光针”！！


整个直接“嘭” 水到极致，舒适度、光泽度、顺滑度直逼真丝材质！


要知道这种做液氨棉的机器造价很高，目前国内也就只有10台能做液氨工艺的机器。


因而通常只有奢侈大牌，才肯把成本如此高的工艺，花在这种基础款单品上。


在面料成型后，通过液体氨进行处理，可以显著改善面料的组织结构。

从而使面料手感、纤维韧性、耐皱性等，全方位得到大幅度提高。


拿下图做实例：左为普通棉纤维；右是经过液氨工艺处理过的，面料手感舒适柔滑，光泽润亮。


经过液氨处理过的T恤表面明显会更加柔软光滑，自带淡淡的丝质光泽~


同时经过液氨处理后，也增加了面料的凉爽感，穿上后瞬间就能感觉凉快了好几度！


在炎炎夏日出一身汗，也不用担心会把衣服黏在身上，照样可以保持干爽舒适。



新疆棉+莫代尔混纺，亲肤透气抗皱

T恤采用“棉+莫代尔+氨纶”混纺面料，亲肤透气，上身凉爽，抗皱性贼强！


棉是新疆长绒棉，它的纤维强韧度比普通棉高出45%，让T恤更有弹性~

（普通纯棉T恤袖子弹性）

（本款液氨棉莫T恤袖子弹性）

再加上柔软似云朵的莫代尔纤维，让T恤的手感更加细腻，也更加爽滑亲肤~


关键是水洗的时候不容易皱，我拿纯棉T恤和这款棉莫T恤做对比，一眼看出来的品质！


T恤透气性好，热气能快速通过，40度高温天气穿它，透气不闷热，爽翻了~


面料透气，但都不会透肉，拿容易翻车的白色T恤做实验，效果棒极了~


夏天穿它在身上，轻薄无感，透气不闷，轻松跟出汗造成的痘痘肌说拜拜~



60S精梳纺织工艺，细腻不扎人

这款T恤拿到手里摸一下面料，就能瞬间感受到它的不同！


软软糯糯的，像是被云朵包裹一样，穿到身上特舒服！


这是因为它选用了60s精梳纺织工艺，比普通面料更柔，更软。


面料中“S”代表的是面料的支数，简单的说就是1磅能产多少支纱线的。

一般纱线支数是32支、40支和60支，产出的60支就是60S。


支数越高，纱线越细。60支纱线细腻，是精梳棉，支数小于60支的是普梳棉！

60支纱线纺织成品相对40支会更薄一些，面料热传导率更高，接触会有凉感，也更适合夏天！


一般60支棉都是大品牌才舍得用的面料，成品衣服一般都是2~300元以上的售价~

这款T恤不计成本采用60s精梳纺织工艺，摸着就不一样。


穿在身上也比普通纯棉T恤软糯舒服很多，一点都不扎人！


双面编织工艺，让T恤自带骨干，上身挺括有型，看上去肩背部分薄了很多，特显瘦~



米馨悦 液氨棉莫圆领短袖
大牌同厂，丝滑透气，凉感降温

开团价：女款59.9元；男款69.9元

⬇️点击下图即可购买⬇️


做工精致，经典版型，时尚百搭

T恤的版型大家不用担心，剪裁拿捏到位，当你穿上的时候，你会感叹大厂就是牛逼！


T恤采用“二本针”的包边加固工艺，不容易扯坏变形，会更加耐穿许多~


这是大牌T恤才会用的工艺，普通小厂做不了也不会做！因为费时费力，价钱太高！


摸上去简直不要太舒服！！冰冰凉凉非常舒服，垂顺舒适爽到飞起！


上身之后更是让你舍不得脱下来。


除此之外，加入黑科技液氨处理后，这件T恤的弹力、抗皱性、色牢度也都非常出色。


不管怎么拉扯、扫刷都没在怕的，不易起球，质感十足。


采用了适合我们亚洲人的H版型，遮肉显瘦~


将正肩直筒的版型，与既柔又挺的面料完美相结合，既柔软又不失筋骨。


塌肩、溜肩也能穿的利索飒爽，精神满满，上身效果堪称一百零一分！


共有：曜石黑、沉静灰、珍珠白、芜竹绿、薄青绿、微醺粉、天水蓝、青黛蓝、银素灰9种颜色可选~



尺码表也给大家放上来，男女同款，95斤~210斤的朋友都能选到合适的~

女款尺码表：

男款尺码表：

这款液氨棉莫T恤大品牌一件起码190+，今天买到就是赚到，大牌同款仅需59.9~69.9元！


一年四季都得有的基础款，天气冷当打底,天气热就直接穿，大家趁着优惠赶紧屯起来~


一眼高质量！！身边的小伙伴已经开始3件起入了！


米馨悦 液氨棉莫圆领短袖
大牌同厂，丝滑透气，凉感降温

开团价：女款59.9元；男款69.9元

⬇️点击下图即可购买⬇️
—电商广告—



（市场推广）



北美留学生观察
世界名校留学生们的根据地，留学生家长们的教育内参，200万中国青年长期订阅的优质读物
2916篇原创内容
公众号",https://mp.weixin.qq.com/s/q4diYubvFvTrINNj0GNZ4g
14,14,“消失”的刀郎，回来复仇了？,"北美留学生观察
2023-07-30 09:38 Posted on 美国","来源|最华人
ID|wcweekly
作者|桑梓和褚七

52岁的刀郎怎么都想不到，一首《罗刹海市》又把自己送上了风口浪尖。
7月19日，刀郎正式发行新专辑《山歌寥哉》，其中一首歌曲《罗刹海市》，歌词源于《聊斋志异》，暗讽的是以丑为美的颠倒世界。
一夜之间，网友纷纷猜测：刀郎这首新歌，估计是在内涵那英、汪峰等人。
时间拨回到13年前，中国内地正在评选最具影响力的十大歌手，刀郎位居其中。
可当时的评委主席那英却对刀郎的歌曲嗤之以鼻：
“刀郎的音乐不具备审美观点，虽然我们所有人的唱片销量都卖不过他，但这个评选不能只看销量。”
“刀郎的音乐很平淡，只有农民才会听，如果刀郎要是上电视，那我就砸电视。”
此话一出，刀郎十余年的努力在这一刻化为灰烬——他被踢出了十大歌手的榜单。
一石激起千层浪，柿子专挑软的捏。有了乐坛一姐那英的带队，其他著名歌手也纷纷站出来指责刀郎，刀郎遭受到了前所未有的评判。
汪峰说：刀郎现象是流行音乐的悲哀。
一旁的杨坤直接反问：你认为刀郎那是音乐吗？
因《同桌的你》火遍四海的高晓松也轻蔑一笑：我会把刀郎的唱片丢进垃圾桶。
这不是刀郎首次遭受非议，自出道以来，刀郎一直被说土、俗。
但大多数人不知道的是，刀郎并不是个俗人，他是个文艺青年。
上世纪70年代，刀郎出身于四川的一个演艺世家，父母都在文工团工作。
学钢琴、抄乐谱，刀郎从小就在音乐氛围下耳濡目染。
幼儿时期的刀郎与哥哥合影
再加上改革开放，西方音乐逐渐涌入大陆，为刀郎开启了一扇时兴的音乐大门。一颗梦想的种子已悄然埋下：“我要像鲍勃迪伦一样，做牛×的音乐。”
看着儿子对音乐如此热爱，刀郎父亲省吃俭用，花了300元购入一架钢琴。在父母经常演出的日子里，大哥承担起了照顾刀郎的重担。
一起练琴，一起吃饭，一起洗碗，兄弟俩在生活中彼此关照，可这并不妨碍他们关系不好。
兄弟俩是三天一小打，五天一大打，每次刀郎都会被比自己大的哥哥给揍趴下。正如刀郎所说：“我和他说话不会超过3句，否则就会受伤。”
不过这哥哥虽然揍弟弟，可绝不是不讲义气，要是有人敢欺负刀郎，哥哥一定会站出来保护，就像全天下的哥哥那样，只有我可以欺负我弟弟，别人没门。
那时的刀郎无论如何也没想到，有一天，因为自己的一句话，竟然导致兄弟俩再也无法见面。
有一天，20岁的大哥兴冲冲回到家，说自己谈了女朋友，一旁的刀郎噗嗤笑出了声：“你戴绿帽子了！”
听到“绿帽子”三个字，大哥彻底爆发，一气之下离家出走，谁都没想到，这一走，竟是永诀，一周后，当刀郎再见到哥哥时，哥哥已经成了一具遗体。遭遇车祸，当场离世。
看着一动不动的大哥，刀郎的五脏六腑都好似在被蛇虫撕咬，难受至极。往后的日子，他背起了极大的负罪感，曾不止一次在节目中忏悔：
“为什么他走之前不可以对他好一点？如果我不和他吵架是不是就不会出事了？是我这个当弟弟的自私和仇恨害死了他。”
他痛苦地挣扎着，把音乐当成了唯一的发泄渠道，他在钢琴上疯狂地弹着，唱着，摇摆着，为哥哥写出了那首《流浪生死的小孩》，歌词在绝望地呐喊：或许你会悲伤流泪，怪我如此的无情·····
可寥寥数语还不够弥补对大哥的亏欠，为了走一遭大哥走过的路，17岁那年，刀郎高中辍学，背着一把吉他，正式宣布离家出走。
当时他跟家里人说：“我要去追逐我的音乐梦，不成功绝不回来。”
之后，他成立了手术刀乐队，发誓要像罗大佑那样，做一把“解剖社会的手术刀”。
在那个年代，籍籍无名的年轻人要混出头，最好的办法就是“走穴”，去场子里唱歌挣钱，这样一来可以磨炼技巧，二来也增长自己的阅历。
四处走穴时，他也遇到了此生第一位爱人，二人很快就喜结连理。爱人在侧，理想于心，这样的生活在阳光底下熠熠生辉，明亮得没有一丝暗影。
当然，故事不会一直这样美好下去。
所有的理想主义者都喜欢抬头望天，他们喜欢仰望高高悬挂于空的月亮，却对地下的六便士不屑一顾。
这一点，刀郎更甚之。
在他看来，音乐是神圣的，是不可以被金钱玷污的。
本来他靠音乐卖唱，一个月可以多挣好几千，可是他却觉得“卖唱的音乐是没有灵魂的”，他便只把卖唱当做兼职，很少去，更多时候还是以苦力为生，赚了钱再去养活音乐。
一如他时常鞭策自己的那样：“如果我真的爱音乐，我就不能让音乐养活我。”
这种偏执的价值观，直接把乐队带进了沟里。还没经营多久，手术刀乐队就彻底解散，队员们各奔东西。
但这个时候，刀郎觉得还可以挣扎一下，他依然认为音乐是艺术，不是挣钱的工具。可后来发生的两件事，彻底扭转了刀郎的想法。
1991年，刀郎的第一任妻子生下了女儿。这时候刀郎才恍然大悟，昔日的理想在这一刻不值一提。
他买不起奶粉，买不起纸尿裤·······掏掏口袋，发现穷得一尘不染。妻子不堪忍受，在孩子出生后的40天，就离开了刀郎，只留下一张字条——
“你给不了我想要的生活，对不起。”
片刻之间，乐队散了，老婆跑了，人生瞬间来到了至暗时刻，那个时候，刀郎跌入了谷底，眼前的痛苦，让他明白再停滞于此，没有太大意义，更重要的是再次出发。
于是，刀郎又只身一人流浪去了新疆。在那里，他遇到了新疆女孩朱梅，两人很快就坠入爱河，组建了家庭。
只是刀郎还是那个理想主义的刀郎，认为音乐应该一尘不染，不屑于挣钱，所以虽然换了一个人，换了第二段婚姻，境况依然没有太大的改变。
一天，他和往常一样去酒吧卖唱。
唱完后回到家，他推开门，看到自己的老婆、孩子、父母全都蜗居在只有10平方米的出租房里，灯光昏暗到甚至看不清吃的是什么，拥挤到一双脚都很难放下。
那一刻，他自责得捶胸顿足。
这么多年来，自己一直在为了理想奋进，却忽略了身边爱的人。
男人欲成大事前，必先承担起一名丈夫、一位父亲的责任。
理想和现实在这一秒钟交汇，刀郎，开始改变了。
他花了3个月的时间去写歌作曲。一首《西海情歌》一经问世，虽然没有轰动全国，却在新疆得到了不少夸奖。
紧接着，刀郎乘胜追击，他天天泡图书馆，还经常去戈壁滩和维吾尔族老百姓家采风。
在这种高密度的创作下，2004年，刀郎创作了一首《2002年的第一场雪》。
还未经宣传，就火遍大江南北。
这首歌火得有多离谱呢？
根据一组唱片销量数据显示，《2002年的第一场雪》卖出了270万张正版销量，盗版卖了1000多万张。
要知道，巅峰时期的刘欢和刘德华，他们的单碟唱片总销量，加起来也不过区区30万张。
周杰伦发行的《七里香》，那一年也才卖了260多万张。
而刀郎一个人就干掉了270万张，是刘欢和刘德华总销量的9倍，更是凭一己之力打败了红遍亚洲的周杰伦。
在手机彩铃下载榜上，下载一首歌需要3元，刀郎的歌就位居彩铃榜首，高达800万次。
这个数据放在任何一个时期、任何一个歌手身上，都是很炸裂的存在。
台湾流行音乐教父罗大佑，公开喊话：我不听SHE、不听Twins，我就听刀郎，他嗓音独特，是唱歌天才。
李宗盛自从第一次听刀郎就爱不释手，还扬言要帮他做第二张唱片。
谭咏麟也闻名来到大陆，主动邀请和刀郎一起演出，后来刀郎为他写了一首《披着羊皮的狼》，再次火遍全国。
赵本山也多次把《2002年的第一场雪》带入春晚，获得一众好评。
马东说过一个故事。
说当年的北京，你走这一条马路，你能听三四回这首歌。在音准分辨率极低的年代，大街小巷里的收音机，这首歌只要一放出来，所有人都会跟着哼哼几句。
刀郎，彻底红了，但他的爆红却惹怒了一众歌手。
这种感觉就像是——
你学历体面，工作的时候也非常努力，天天加班加点，最后却被一个看似平平无奇，还没有什么文化的小透明打败了，人家升职加薪，你却不温不火。
所以很快，刀郎就受到了一众排挤。刀郎的歌曲直白平快，在他们看来是没有文化的表现；刀郎的歌调朗朗上口，在他们看来是又土又俗的代名词。
就这样，很多人开始有样学样，说刀郎德不配位。
刀郎对这一点看得很轻：
“我的目标就是做名二、三线歌手，红了真的是个意外。”
“我不喜欢爆红，这有一种自己被扒光了给人看的感觉。”
转头，他就在自己事业的巅峰时期退出了乐坛，那些骂他的人也终于闭上了嘴。
刀郎，终于安静了。
2012年隐退后，经纪人经常一连几个月都找不到刀郎的身影。那些扑面而来的邀约、合作、采访，都被刀郎推得干干净净。
为了寻找到内心的平衡点，刀郎在娱乐圈以外的世界，默默蛰伏。
他又找到了年少时期的理想主义。看书、旅游、创作，偶尔帮徒弟写写歌，谱谱曲。
从那个时候起，江湖不见刀郎，却到处都有他的传说。
犹记2012年最后一场演唱会，当刀郎对所有粉丝唱着那句“谢谢你，可以让我在平凡世界中发现我自己”的时候，所有歌迷在台下听着泪流满面。
一众粉丝朋友和媒体心疼刀郎，觉得刀郎太安静了，安静到遭受非议的时候都不会为自己发声。然而对此，刀郎很坦然。
他说：“我就是一个简单、单纯、执着、热爱音乐的人，对于商业至上的音乐圈和娱乐圈，我只想冷眼旁观。”
“我不希望音乐成为你生活的全部。不管你的音乐是好是坏，是辉煌还是失落，我都希望你能快快乐乐生活好每一天。”
他想要的，就是做一个单纯的音乐人。
刀郎离去的这些年，华语乐坛风云变幻，以2010年做风水岭，之后，华语乐坛的黄金年代实际已经过去，周王林陶不复当年之勇，有人甚至被爆出劈腿丑闻。
《好声音》等一系列音乐综艺兴起。歌手们开始热衷改编，各类网络流行歌横空出世，喊麦、说唱，也开始兴盛起来。
在惊艳的歌曲频出的同时，也出了很多毫无营养的口水歌。
当年不少抨击过刀郎“土”的人到这一刻才惊觉，什么才是真正的土。
前辈们上节目发挥余热，有人说他们“老而弥坚”，有人也把“吃老本”的标签贴在了他们身上。
只有刀郎，静静地待在那个传说里。直到他的新专辑《山歌廖哉》横空出世，歌迷们才发觉，原来他从未离去。
这些年他都在深耕音乐，深耕创作。
还是那把沙哑高亢的嗓音；
还是在寻求民俗与流行音乐的结合。
并且比过去更加成熟，更加惊艳。
刀郎从来没变，他依然是那个天真浪漫的文艺青年。
并且，面对着无数质疑与嘲讽，他打了响当当的一仗。
《罗刹海市》的爆火，就是最好的证明。

 参考资料
[1]鲁豫有约 | 刀郎专访视频 2010.12.29
[2]CCTV音乐人生 | 刀郎个人专访视频 2011.12.25

本文经授权转载自最华人（wcweekly），最华人，记录华人之光。未经授权，禁止转载。
最华人
有华人的地方，就有最华人
1533篇原创内容
公众号
北美留学生观察
世界名校留学生们的根据地，留学生家长们的教育内参，200万中国青年长期订阅的优质读物
2916篇原创内容
公众号",https://mp.weixin.qq.com/s/SsPeq-YCOuuhhoJM16aSAQ
15,15,八千块的“研学团”，把孩子带去了假清华,"北美留学生观察
2023-07-30 09:38 Posted on 美国","来源|凤凰WEEKLY
ID|phoenixweekly
作者|凯斯

这个体感温度一度超过40度的夏天，北京几乎要被中小学研学团“占领”了。
时隔三年，暑期研学团再次火了起来，甚至大有超越以往热度的趋势。
可前两天，一条名为“清北学霸怒斥研学内幕”热搜爆料，今年的许多研学团都问题重重：
宣传里说是深度参观名校，结果实际却是在校门口打卡拍照；
报名费花了大几千块，结果晚上住的却是临时搭建的板房；
甚至还有男教官半夜进了女生宿舍，殴打参团的孩子，完全没有安全保障可言.......
图源：b站，小莉帮忙
有家长假期报了研学团，本意是想让自家孩子接受书香的熏陶。
结果孩子回来却说，研学的内容是让他们铲牛粪体验生活，自己被牛粪给熏吐了。
研学团，怎么就变成了针对中小学生的杀猪盘？
今夏的研学团相当火爆。
据央视财经报道，今年暑期部分研学团的名额，早在三个月前就已经被一抢而空，需求极度旺盛。
但在各大社交媒体上，你却会发现有不少帖子，都是关于研学团“避雷”和“踩坑”的。
图源：小红书，小红薯5ECCCEDA
发帖家长们吐槽最多的点，就是部分研学团毫无顾忌的虚假宣传。
譬如说，每年夏天，都会有无数的学子和家长，以一种极其虔诚的心态，前往清华和北大参观，沾一沾这两大高等学府的学霸气。
而商家便利用家长和孩子们的这种“大学朝圣”的心态，推出了多款清北主题的研学团。
在广告的宣传里，只要入了团，那么孩子就能进入清北校园，在未名湖和博雅塔尽情观光，在礼堂听清华和北大学霸分享心得。
有的研学团甚至还有清北学子全程陪同服务，并承诺在N天的研学后，孩子还能和这些大神学长或学姐成为长久的朋友。
然而，广告仅供参考，花钱参团来了北京后，孩子们才发现自己进的应该是“清北周边观光团”。
有的研学团在清北校门口排了一个多小时的队，结果拍了张孩子和校门的合照后，就宣布“学校逛完了”。
这还算好的。
据《新京报》报道，有研学团甚至把孩子拉到了清华旁边的科技园区，谎称“清华新校区”。孩子也搞不清，只能任由导游摆布。
图源：新京报
还有的把学生们带进了清华艺术博物馆，七八岁的小孩，根本就看不懂。
更有一家打着“清北游”旗号的研学团，所幸连装都不装了，直接把孩子拉到了敬老院，逼着他们听了四个小时莫名其妙的讲座。
在很多时候，研学团都会故意向家长暗示，自己“有渠道有关系”，最少能进大学里参观半天左右。
但实际情况却是，一上午的参观时间里，孩子们有一大半时间都在排队，最后拿回家的，就只有一堆导游推销的纪念品，以及一张来路不明的“研学结业证书”。
有研学团本质上就是打卡团，到任何博物馆只负责在门口拍照，然后就把小孩扔到馆内放羊，美其名曰“深度参观”。
图源：抖音，Anh Việt
挂羊头卖狗肉，还只是研学团乱象之一。
比注水行程更令家长生气的是，不少研学团收着数倍于普通旅游团的费用，却连基础的食宿安全都无法保障。
说是会把孩子安排在市中心的宾馆，结果到了才发现孩子住的是郊区临时搭的板房，有的还直接被要求打地铺。
吃的东西基本以糊弄为主，能蹲在地上吃盒饭就已经算不错的了——更多研学团所提供的午饭，就是一个面包或是一个汉堡，而且还不能保证按时发放。
并且，餐饮的卫生条件也很难保证，有学生在研学餐里吃出过头发丝和苍蝇，早在2019年，四川还出过一起研学团里39名学生集体食物中毒的事件。
为了让家长觉得这钱花得“值”，不少研学团虽然行程注水，毫无知识点，却安排得满满当当——
孩子每天早上四五点就会被导游叫醒，开启今日的“特种兵式”研学，一天下来，整个团大部分的时间都是在走路和排队，要休息了，就直接坐在水泥地上，与其说是来研学的，不如说是来遭罪的。
 图源：抖音，朦雨霓裳
而偏偏，今年我们又赶上了一个无比燥热的夏天。
就在这个月月初，北京一位49岁的研学团导游，就因为在颐和园带团时不堪酷暑，而在行程结束后因热射病而离世。
成年人尚且如此，更别说孩子了。
有媒体报道，许多报名了研学团的孩子，一大早就被带到景点门口，顶着40度的高温排好几个小时的队，不少小孩都被晒得流了鼻血。
与之相对的，则是有家长在抖音爆料，说有研学团不但让自家小孩冒着暴雨爬长城，而且有孩子在故宫都走丢了，领队甚至还对此一无所知。
图源：抖音，是佩佩呀⁶⁸⁶
更可气的是，许多研学团还在开团之前，就将免责声明藏到了合同当中，企图把自己从照顾小孩的责任中摘干净。
可既然研学团有如此多的雷点，为什么家长还是要争着花大钱，把自家的孩子往“火坑”里推呢？
在社交媒体上，有网友觉得：
家长与其花大价钱送孩子去研学团，真不如自己带着孩子玩一圈，这样既省了钱，还增进了两代人的关系，何乐而不为？
图源：微博，泾渭视频
但在采访了身边有娃的家长后，我们却发现真实情况要比想象中的复杂。
孩子有暑假，可绝大多数父母没有。
对于许多白天都需要上班的父母而言，陪着孩子过一个完整的暑假，实在是一种奢侈。
也因此，如何在暑假来临之前安排好孩子的行程，防止孩子“砸手里”，成了不少家长最操心的事。
研学团，从某种程度上来说，成了暑期安排的最优解之一。
《济宁晚报》在2018年的一篇报道中就观察到，当假期来临，许多白天上班父母的选择，要么就是把孩子送到托管班，要么就是把他们送进研学团。
图源：中国青年报
通常情况下，研学团是针对学生设置的，会随团配置人数恰当的跟团老师。有的研学团还会与学校合作，邀请孩子学校老师跟团，更是让家长安心不少。
另外，孩子们都是成群结伴出行的。一位家长告诉我们：“如果和自家孩子关系好的小朋友都报了研学团，自家孩子肯定会想去。”
一方面，和好朋友一起到一个陌生的地方旅行，确实是一段难忘的暑期记忆；另一方面，和认识的伙伴一起出行，互相多少也有个照应。
更何况，除了更安全以外，研学团总给人“能学到点什么”的期待。
在“读万卷书，行万里路”的强烈影响下，“让孩子走出课堂，见一见世面”也成了许多家长选择研学团的最大动因。
而这个“世面”的具体大小，则视家长的花销而定。
就和所有的鸡娃项目一样，研学团多年以来，也内生出了一条属于它自己的独特的鄙视链，其基本逻辑，可以被概括为：
走得越远，等级越高。
研学团的基础版是省内游。在自家城市附近转一圈，逛一逛省会的博物馆，家长花个一两千就能搞定。
要想让孩子见到更大的世面，那家长就可以考虑跨省游，我们前面提到的“清北研学团”就在这个档次里。
再往上，研学团就得出国了。有家长会花上个一万多块，把孩子送到新加坡研学个一周，说是为了让孩子感受多元文化。
如果花销到了3万元以上，那么家长就会获得“清北研学团”国际版——孩子会在导游的带领下，前往英美最顶尖的藤校，在哈佛和耶鲁的校门口，打卡拍照。
而研学团的巅峰，则是家长花18万，把自家孩子送往北极——虽然那里一所大学也没有，但却有着绝对大的世面。
但不论花钱多少，大部分家长把孩子托付给研学团，最基本的目的，还是想让孩子能够过一个“快乐且有意义”的暑假。
可对于部分研学团来说，这却不过是一门“暴利生意”。
毫无疑问，在现在这个时间节点，做研学团确实相当赚钱。
2021年全国研学旅行的总人数，已经达到了将近800万人，与此同时，相关报告称该产业的规模很快就会超过千亿元。
图源：正点财经
狂热的市场情绪，自然会让各路鱼龙都跑过来分羹，而这也必然会造成当下研学团的良莠不齐。
就比如说，现在带研学团的“老师”，有的以前是带老年团的导游，有的则是从教育机构临时调过来的，甚至还有的连“公元”是什么意思都答不上来，只是因为觉得“小孩的钱好赚”，就投身到了这个新行业当中。
图源：大河报
这些人大多都没有经过正规的研学带队培训和考核，有的只仓促地训练了10天，便被判定为“转岗成功”，可以带团出发了。
于是，研学市场被搞得乌烟瘴气，而无良机构倒是赚得盆满钵满。
图源：观研天下数据中心整理
正如在公众号定焦的采访中，一位研学团从业者所说的那样：
“一些想赚快钱的从业者对这行缺乏敬畏之心。”
颇为讽刺的是，现在在社交媒体上随便搜搜，你还能发现大量教人“如何用研学团迅速变现/赚快钱”的“经验分享”。
什么“一个月迅速变现80W”，说得跟真的一样，属实是要把割学生和家长的韭菜给进行到底了。
不可否认，从商业价值上看，研学团现在确实是一块大蛋糕，任何人想过来分一块都无可厚非。
但如果商家一味只想着赚钱，而辜负了家长和学生们信任，那就只会把这块蛋糕“越做越小”。
赚钱当然没错，但在与孩子相关的事情上，多一点点道德与爱，也许才能真正有未来。

参考资料：
1. 科技园变“清华新校区”？暑期研学乱象频发，背后暗藏利益链，新京报教育新闻
2. 变味的研学团 ：40度高温，排队2小时没能进清华，外滩TheBund
3. 暑假到来 你的孩子怎么过？研学游成“必选项”，济宁晚报
4. 2019年度中国家庭孕育方式白皮书
5. 走马观花 研学游变成了“跟团游”？业内人士曝“有游无学”乱象，大河报


本文转载自有态度、有温度、有趣味的微信公众号【凤凰WEEKLY】，点击以下链接，观看更多凤凰WEEKLY热门文章：
不生孩子的年轻人，越来越“厌童”了
在妈祖面前，没有福建人敢撒谎
全中国最低调的贵族，都在划龙舟
关注凤凰WEEKLY，做市井中最有深度的灵魂。
▼
北美留学生观察
世界名校留学生们的根据地，留学生家长们的教育内参，200万中国青年长期订阅的优质读物
2916篇原创内容
公众号",https://mp.weixin.qq.com/s/l3grD8IfFq-aUAJYZl4pBQ
16,16,创业赔钱的江浙富二代，涌进了体制内,"北美留学生观察
2023-07-30 09:38 Posted on 美国","来源｜ONE文艺生活
ID｜one_hanhan
北漂这些年，我最常被问到的问题就是：
 你们温州人不都是富二代吗？
 作为一个连孝道金字塔底层都够不上的选手，我只能说很遗憾以这种方式跟大家认识。
 （图源微博@WowDaikon）

但每一个普通的江浙人，一定都对本地有钱人家的家风有所耳闻：
 不怕孩子花天酒地，就怕孩子想出成绩；
不怕孩子纸醉金迷，就怕孩子证明自己。
 从小到大，咱没少听说过富二代们的故事。
 那谁谁离家出走的方式是拿着亲爹的副卡一晚消费几十万，那谁谁留学的配置是有车有房加生活助理。
 再怎么奢靡，爹妈大手一挥就能兜底。
 但创业可就不是那么一回事了。
 迷信基因、迷信气运，手头上又有现成资金的二代们前仆后继地上了创业这艘船。
 看似血脉觉醒，实则掉入陷阱。
 东南沿岸，遍地是老板，短暂又辉煌。

当老家的创业氛围已经卷到“大学生贷款十万以下创业失败政府代偿”的时候，我还在一天倒六趟车上班。
 但就算有不少像我这样朴实的个例，“擅长搞钱”这一刻板印象还是牢牢地扒在浙江人的脸上。
 更别说温州人。
 老话讲，十个温州九个商，还有一个会算账。
 温州人向来讲究宗亲帮扶式创业，父辈大多从事的是传统制造业。
 但很多年轻人其实不太想接父母的班，而是一边享受父母的关照，一边找寻自己的机会。
 
在杭温州人Adam虽然不是富二代，但也算是个厂二代，打小吃喝不愁。
 大学一个月只算吃喝1w起步，其他购物、房租、旅游等一切开支由父母另外报销。
 这生活水准可能在小某书里压根排不上号，但他自个儿一直都是知足常乐。
 直到大三那年，他好像邪灵入了体，突然打算证明证明自己。
 不过Adam目标不大，他只想通过做期货给自己买辆特斯拉。
 事实证明，他还是高估了自己。这玩意儿就像在推土机前捡硬币，亏空只是一瞬间的事儿。
 哼哧哼哧忙乎了俩月，结果定睛一看：
 怎么个事儿，咋还赔了一辆？
  不知道是不是因为他们没啥试错成本，所以总有网友锐评：

二代创业的成功率，比大学生都低。
 Maggie和富二代朋友合伙做餐饮品牌，这是朋友的第三次创业。
 开业之前，朋友特意驱车去温州见了个大师，大师一句“你指定能行”，让二代当场又包了几万红包。

但俩人三个月就赔了150w，失败的原因总结起来就两句话：
 既没想好商业模式，也没想好商业模式如何复制。

既没考虑过变现周期，更不要说什么全面布局。

啥也没想好，光是店铺升级就已经操办了好几轮。
 富二代的亲爹忍无可忍，直接撤了资，把人抓回家继承家业。
  詹詹第一次创业的时候，也犯了同样的错误。业务还没见着，先租下了一间敞亮的大办公室。
 行政、人事、采购、财务一律配齐，市场费用一烧再烧。
 “感觉自己那会儿就像过家家一样，连办公椅、音响、冰箱这些东西都要选名牌。”
 公司账上缺钱了就给家里打电话，造了亲爹上千万才肯收手。
 直到爷爷说起自己年轻那会儿做生意，晚上就卷着塑料布睡别人屋檐下。
 詹詹才明白父辈们那句“宁可睡地板，也要当老板”的狠劲，不是说说而已。
  你可能要说，富二代就别想着自立门户，乖乖继承家业不就得了。
 但接了父母的班也不意味着就能扶摇直上，小蔡就是一个例子：
 赔了3套上海的房子和2家工厂，现在灰溜溜地找个班上。
 但他说自己还算幸运，至少没欠债，也给自己留了套婚房。
 小蔡的父母从20年前就开始做纺织印花，他们会英文，所以做外贸别提有多顺利。
 那会儿占尽了时代先机，也成了风口上最肥的猪。
 但后来国内大大小小的厂子疯涨，很多外贸单子也转移去了东南亚，日子确实不如从前好过。
 小蔡毕业回国后就打算跟着父母干，但风口变了，他们却没及时变通。
 再碰上了疫情，海外贸易断了，只能开始各种抵押借贷。
  再后来，小蔡接触到了创业板和私募，琢磨着换个方法融资。
 结果看来还是太天真，没靠山没后台，不敢做亏心事，更不愿意压榨员工。
 用小蔡的话说，有时候办事想包个红包，都不知道该给谁塞。
 “创业挣钱都是别人的故事，人家的资源你没有，人家的手段你不敢用，本本分分是很难赚到钱的。”
 现在对小蔡来说，每天能上上班，出去玩，不负债，就算是拥有了光明的未来。

 我不知道一个合格的富二代，结局是不是啃老。
 但在江浙地区，这种情况太过常见。
 家里有点小钱的，都被父母逼进了体制内和事业编。
 就我们县城里，拿着4、5千工资，开着跑车上下班的就有不老少。
 当年王健林针对王思聪创业这件事儿就表过态：“我给他5亿资金，允许他失败两次，第三次乖乖回来上班。”
 父母大概是知道自家孩子不撞南墙不回头，不如直接出笔学费，让他们自己到生意场上去吃吃亏。
 而从我有限的几个样本也可以看出：富二代创业被骗，似乎是一个能让他们火速回家啃老的重要因素。
  大刘毕业后不愿留在大城市，而是回老家开了个清吧，雇了店长，自己驻唱。
 半年时间把父母给的六位数赔个精光。
 后来大刘检讨，自己确实是空有理想，没啥天赋。
 创业虽然不需要太大的野心，但至少要满足某一个小群体的需求。
 他并不了解这个短暂容纳了自己童年的地方，这里根本没有他的受众。
 大概是看准了大刘这次创业必定短命，所以谁都想从中敲他一笔。
 “我从朋友的朋友那儿进酒，人家给我的友情价甚至不如我自己谈的。”
 甚至连熟人塞进来的那些员工，对工作的服从性都很差。
 虽然继续开下去也花不了父母几个钱，但大刘觉得回到城里啃老，至少对自己的心脏和精神都好。
  韭菜女士前些年跟朋友一起投资，遭朋友卷走了上百万。只能被老父亲拎回公司，“每个月撑死给十万”。
 Eric通过好几层关系，喜提一个跟当地文旅单位合作的项目。最后钱倒是出了不少，但自己啥好处没落着。爸妈却喜笑颜开：“现在可以结婚了吧？”
 事实证明，甭管他们是不是把创业当玩票，都有路可退。
 除了啃老，他们还有很多稳妥的选择。
 有人家里年收入千万，但父母觉得自己的小微企业上不了台面，支持女儿在国际top投行工作。
 有人亲戚长辈平时随便给个红包就是10w，但自己一心搞科研，攻学术。
 不是非要像父母当年一样，在生意场上杀出一条血路。
  除了个人选择，还有一个原因是：爹妈当年是实实在在吃到了时代红利的。
 他们有的踩中政策节点，尽自己所能去创新、去变革。

有的胆子大、运气好，闭着眼睛入场都能挣得盆满钵满。
 有服装从业者告诉我，早年间在某宝卖女装想不发财都难，如今几百万砸进去可能都听不见一个响。
 用网友的话说，我们这代年轻人眼下的处境无异于在泰坦尼克号上选座。
 反正船都是要沉的。
 我没创过业，我的父母辈也没乘上时代的东风。
 但我像很多年轻人一样，期待的从来不是一串天文数字。
 是在城市繁华的景深里，能够听见一声召唤命运的号角声。
 而不是万籁俱寂，不知何去何从。

本文转载【ONE文艺生活】微信公众号，韩寒主编的ONE·一个 文艺阅读应用官方公众号，复杂的世界里，一个就够了。关注可搜索微信号：one_hanhan 。
北美留学生观察
世界名校留学生们的根据地，留学生家长们的教育内参，200万中国青年长期订阅的优质读物
2916篇原创内容
公众号",https://mp.weixin.qq.com/s/eK9YyfEylSPnkI9p8YLFLA
17,17,8月开课！剑桥/耶鲁/麻省教授坐镇！暑假TOP 10热门科研课程，都在这了~,"北美留学生观察
2023-07-30 09:38 Posted on 美国","这个暑假，对有留学意愿小伙伴们来说至关重要，尤其是24Fall的同学们！

距离24fall看似还有1年，但实际上，也就只剩下1个暑假+1个下学期了。

所以，2023的这个暑假，已经是拼进度条的关键时刻！

你需要做的就是抓紧时间，专注提升标化成绩+通过科研实践提升软实力。

为了帮大家更顺利的申请梦校
【国内外双教授 科研项目】
已经帮大家安排上了
留学申请所需要的全在这里

- 让国内+国外名校教授带你研究学术课题
- 获得含金量极高的推荐信+论文发表成就
- 用极具竞争力的科研经历，助力名校申请

而且在8月开课的课程中
我们精选出今年的TOP10暑期课程
供有申请需求的小伙伴们参考和选择

  TOP 10：
哥伦比亚大学+北京师范大学教授
教你探讨公共卫生与预防医学的课题
（扫码了解详细课程信息）

  TOP 9：
纽约大学+重庆大学教授
教你基于Unity3D的场景模拟和设备端开发
（扫码了解详细课程信息）

  TOP 8：
约翰霍普金斯大学+西安交通大学教授
带你分析新媒体革命对媒体美学的影响
（扫码了解详细课程信息）

  TOP 7：
弗吉尼亚大学+北京航空航天大学教授
告诉你火爆娱乐产品背后的营销管理
（扫码了解详细课程信息）

  TOP 6：
剑桥大学+上海交通大学教授
带你探索教育心理学在学习中的影响
（扫码了解详细课程信息）

  TOP 5：
约翰霍普金斯大学+天津大学教授
教你以ChatGPT为掌握大型语言模型技术
（扫码了解详细课程信息）

  TOP 4：
剑桥大学+华中科技大学教授
带你以Zara运营创新为例探讨科技赋能
（扫码了解详细课程信息）

  TOP 3：
牛津大学+天津大学教授
告诉你企业如何发现利润区并完成战略部署
（扫码了解详细课程信息）

  TOP 2：
剑桥大学+华南理工大学教授
教你如何构建资源最优分配的数学模型
（扫码了解详细课程信息）

  TOP 1：
剑桥大学+西北工业大学教授
教你计算机潜意识和网络神经的知识
（扫码了解详细课程信息）

除了以上课程外
几十种专业的科研课程
↓ 总会有你需要的学术知识 ↓

传媒 | 金融 | 人工智能
文化 | 心理 | 国际关系
教育 | 影视 | 建筑设计
......

部分课程即将截止报名
席位有限，欲报从速


如需报名or咨询课程信息
可识别下方二维码添加日报小助手
用高含金量+高专业度的科研经历
助力你今年的海外名校申请
个人学术能力的展示？有！
科研课程：
囊括AI/计算机/法律/数学/生物/物理/工程学/传媒/金融等几十种专业。

科研报告：
课程中，国内外名校教授辅导撰写个人科研报告，展示科研实力。

专业竞争力：
以独立第一作者身份，撰写科研学术论文，完成国际EI/CPCI或同级别索引国际会议论文辅导与发表。

足够专业的导师背景？有！
科研项目的导师均来自：

国内985/211等国内各顶尖学府的教授
耶鲁/麻省理工/康奈尔等美国TOP30名校的终身在职教授
英国牛津/剑桥等英国G5超级精英大学的终身在职教授

展现对社会的贡献？有！
该项目所有科研课程的研究课题，均围绕社会热点、全球发展的重大议题和案例展开。
用接地气的课题主题作为切入口，以小见大，由浅入深的探讨领域内的深层议题，通过研究得出解决方法。
面向人群

本次科研项目适合有以下意愿的高中生、本科生、研究生：

有意提高自身知识水平和学术能力
有留学意向、参与自主招生选拔、跨专业深造、计划考取名校
通过获得教授私人学术推荐信和发表国际论文来提升竞争力
通过获得教授辅导撰写个人科研报告，提升留学申请文书质量及英文论文撰写能力对海外名校课堂感兴趣或已收到海外大学录取信，想提前跨越中外学制鸿沟的准留学生

项目收获


报名入口

识别二维码添加小助手
即可报名or咨询课程",https://mp.weixin.qq.com/s/9nkf6-EqxLFr1ITJjFX3lA
18,18,赶超谷爱凌，00后华人女孩被斯坦福全额奖学金录取，拿下高尔夫冠军,"编辑部 北美留学生观察
2023-07-30 09:38 Posted on 美国","打破高尔夫赛界70年神话，全额奖学金被斯坦福大学录取。
继谷爱凌后，又一位斯坦福华裔天才女性出现了。
她是03年出生、年仅20岁的Rose Zhang，张斯洋。
今年5月，张斯洋正式转为职业选手。
与此同时，她成为女子业余高尔夫历史上获奖最多的球员，第一个连续赢得NCAA个人全国冠军的女子高尔夫球手。
不到两周后，她的首次职业比赛就受到了极大的关注。
北京时间6月5日，LPGA（美国女子职业高尔夫协会）瑞穗银行美洲公开赛结束全部比赛。
20岁、刚转职业的美籍华裔球员张斯洋（Rose Zhang）在经过两个加洞之后，赢得了职业首冠。
在领先进入决赛后，张斯洋交出74杆，以279杆的总成绩被珍妮弗·卡普秋追平，逼进延长赛。
随后的加洞赛里，张斯洋发挥稳定，赢得了最后的冠军。

曾经连续114周排名业余世界第一的张斯洋，职业首秀即夺冠。奖金超过41万美元，约合人民币300万。
同时她成为继1951年贝弗莉·汉森（Beverley Hanson）之后，第一个在职业生涯首次亮相就赢得LPGA冠军的球员。
自LPGA赛事后，张斯洋又在前两场大满贯比赛中连续取得前10名的成绩。本周在法国举行的依云锦标赛上，她的世界排名已经是第35位。
一时风光无限，后生可畏。
这位华裔女生开始被越来越多关注体育赛事之外的人所看见。
她是高尔夫球场上的王，是斯坦福大学的新星，但她的成功绝非一蹴而就。

根据网络公开信息，张斯洋的父母是沈阳人，2001年全家移民美国洛杉矶。
起初他们的生活条件并不宽裕，租了阿卡迪亚的一套小公寓，然后靠出租公寓中的一间客房来维持生计。
两年后，张斯洋出生，全家搬至尔湾。
据张斯洋的父亲描述，张斯洋在2014年4月第一次接触高尔夫球。
令人意外的是，短短几个月的学习时间，张斯洋就展露出了自己在这项运动上的惊人天赋。
不仅3个月就拿下加州相关资格考试证书，还在之后的南加州9-11岁年龄组PGA比赛中，获得第一的成绩！
此后，张斯洋的父亲辞去自己的工作，专职培养女儿。
每周一至周五放学后，就去接女儿回来练球，每天4-5个小时，每次200-800个球的训练。周末甚至练球10个小时，风雨无阻。
2020年张斯洋手腕受伤开球不利，最后反败为胜，逆袭斩获2020年全美女子业余高尔夫球锦标赛冠军，成为115年中首位获得该项赛事冠军的美籍华裔球手。
同年，拿着全额奖学金的她，被斯坦福大学录取，并在斯坦福女子高球队继续练习和参赛。
入学后，她接连赢得20场大学比赛中的12场，刷新了学长泰格·伍兹的胜场纪录，被誉为“女版伍兹”。
张斯洋近年拿到的职业荣誉
从13岁开始拿奖，张斯洋的成长路上可谓一路拿奖拿到手软。
13岁勇夺 2016年AJGA（美国青少年高尔夫球协会邀请赛）冠军；
14岁获2017青少年女子PGA冠军并助美国队索尔海姆杯夺冠；
15岁入选美国队，出战2018青少年莱德杯大赛并助美国队达成六连冠；获ANA青少年女子锦标赛冠军；
16岁入选参加首届Augusta女子业余锦标赛并成功晋级；2019索尔海姆杯再度助美国队夺冠；
17岁赢得2020年全美女子业余高尔夫球锦标赛冠军，成为该赛事115年历史上首位夺冠的华裔选手；9月在全日空锦标赛中拿到最佳业余球员奖……
除了自身的天赋和努力，张斯洋能取得如今的成绩，离不开来自家庭的支持和教育。
除此外，“体育爬藤”也成为近年来的热门话题。
美国教育界向来有着“破格录取”“降分录取”体育生的传统，高校普遍认为体育运动，特别是团体运动，不仅可以锻炼孩子健康的体魄，还可以锻炼孩子应对挫折、面对输赢、团队精神等一系列难能可贵的领导能力。
特朗普年轻时就曾是“纽约最好的棒球手”（当然，这是据他所说）；
奥巴马篮球棒球保龄球高尔夫游泳统统精通；
布什总统甚至三代都是耶鲁大学的运动明星…
除了职业搞运动的运动员以外，许多美国家庭选择让自己的孩子学习体育作为课余活动，让体育运动成为敲开藤校大门的一块敲门砖。
坊间传闻有言，在美国家长和大学眼里，乒乓球和羽毛球这种轻量级的球类运动根本不算体育——像游泳、橄榄球、冰球、篮球这类运动目前在大学里最吃香。
谷爱凌因为在滑雪上的亮眼成绩进入斯坦福大学，NBA球星林书豪靠篮球一路“打进”哈佛大学，如今又有张斯洋靠高尔夫挺进斯坦福…
但需要注意的是，成为运动员不一定会增加学生进入大学的机会，甚至它并不是一直会在学生录取过程中发挥作用。
毕竟，在某项体育赛事上有惊人天赋并能同时兼顾学业的选手十分难得。
那么，在国际教育领域，究竟哪些运动可以对“爬藤”大有助益？
美国Admission Site网站曾经发布过统计数据，表明冰球（ice hocky）和曲棍球（lacrosse）都是大学录取最好的运动项目之一。
此外更易受美国大学喜爱的运动，还包括橄榄球、足球、篮球、排球、游泳和田径。
但不同的区域和学校风格也都会孕育出不同的偏好。比如在加州，水球很受欢迎；在新英格兰是冰球和赛艇；曲棍球则是在中部的学校最受欢迎；像啦啦操这类的运动也都会起到作用。
当然，如果一个学校有NCAA球队——不论如何他们都需要招新和替补队员，所以一定不会出错。
NCCA是美国大学体育协会，上面包含了几乎所有“主流”运动并且会有相应的比赛。
但是这类运动大多涉及的很普遍，国际学生可能难以和美国本地学生进行对抗——这时又出现了一类“小众”的不在NCCA上的运动可以助力中国学生申请，比如滑板、柔道、BMX 自行车、摩托车越野赛…… 
总而言之，只要学生在某一项特定的运动中坚持下来，并且获得奖项（不用很大，哪怕是区域性的小奖），都可能会对大学申请起到积极的作用。
这会给招生官传递一种积极的信号——学生有毅力，也有热情，能从最一般的意义上体现人类追求卓越的精神。

培养一项运动特长是耗费时间、经历、和金钱的长期过程。
从培养兴趣到专业训练，再到参加国际性比赛，最终能被藤校看重，花费的金钱是一笔不可小觑的财产。
以国际学校热门运动高尔夫为例。
初学者的一根普通铁杆大概在200-300元，学习前期培养兴趣时只需要花费大概几百到一千来购买球杆。
随着孩子身高长高、技术精进——木杆、铁杆、切干和推杆一套下来在万元左右。当然，十几万、几十万的球杆也不是少数。
教练费在初级阶段大约为1000元/小时，中后期可以到5000元/小时。与此同时，场地费也不是一笔小数目。
以孩子从六七岁开始学球算起，每年的训练费用在10万左右，这样训练七八年，就是小100万的费用。
再到参加国际性比赛，除了高昂报名费外，机票酒店费用等加起来也要几万/次。
这样算下来，一直到被国际学校看到，是几百万甚至千万的花钱。
再比如网球。
以北京请网球教练的市场价来看，请体育大学毕业生当教练教1对多的小班课，费用在500/2小时左右。
如果请一名持教10年且有中高级资质的体育大学毕业生当教练，1对1课时费差不多在500元/小时，1对多在550/人/2小时。
教练资质再往上，省队退役运动员是700元/小时左右，国家队退役运动员则是800-1000元/小时…
再加上300-500元的场地费，这样算下来初级阶段每年大概不到10万元，中后期则会在几十万元不等。算上球衣、球鞋、球拍等额外费用，想靠这条路爬藤最终也会花费上百万。
帆船、射击、马术这类热门运动更是不用说。
一艘船、一把枪、照料一匹马的价格大概在几万元，算上高昂的课程费用、装备费用、购买训练耗材的费用，每年的花销只高不低。
可想而知，体育爬藤并非易事。
谷爱凌、张斯洋这样的体育明星选手是少数，想靠体育路子爬藤，一定要量力而行。
当然了，培养孩子体育才能也可以不仅仅是为了考上梦校，找到孩子的专长热爱，同样可以受益终身。

留学生日报
已结束直播，可观看回放
观看回放
90天治愈签证焦虑！如何抓住快速绿卡的“历史机遇”
视频号

北美留学生观察
世界名校留学生们的根据地，留学生家长们的教育内参，200万中国青年长期订阅的优质读物
2916篇原创内容
公众号",https://mp.weixin.qq.com/s/NxmHH3VX8BQova7BCpTlqg
19,19,北京市十一学校国际部：“橄榄球就是生命！”,"北美留学生观察
2023-07-29 09:37 Posted on 美国",✅阅读原文，感受更多体育人之路,https://mp.weixin.qq.com/s/i-R004fc0NWdmjZDvBXrDA
20,20,你的20张自拍，到底帮妙鸭相机赚了多少钱？,"北美留学生观察
2023-07-29 09:37 Posted on 美国","来源|凤凰WEEKLY
ID|phoenixweekly
作者|杜都督

最近，整个朋友圈都笼罩在一种美丽的氛围中——
很多人不约而同地都发布了自己用一款小程序制作的头像。
“不看不知道，AI真奇妙。”
“虽然比本人好看36.5%，但勉强能看出来是自己。”
虽然大家装作小心翼翼或者若无其事，但实际上都带着某种难以言说的欣喜：看，我做了一张很漂亮的图，虽然用AI做的，但是很值得发朋友圈。
一夜之间，这个叫妙鸭相机的小程序，从默默无闻，热度突然变烫了。
它甚至不需要额外耗费流量下app，嵌在微信小程序里的新玩意儿，有着非常简单的操作：
先用一张正面图，生成一张基础款底图；再上传20张正脸自拍照，就可以生成“数字分身”。
然后选择模板，形成各种各样的写真；
最后通过精修，将你修改成任何想要的样子。
一套操作，只需要9块9毛钱。
因为操作简单、便宜实惠，很多人纷纷入了坑，甚至挤爆了服务器。
花木蓝是编辑部第一个吃螃蟹的人。
周六，她为了排队建分身，等待了10.5个小时，堪比看一次《清明上河图》，不过好在效果令她很满意。
分身形成以后，她将脸套进任意风格的模板里，等待不到2分钟，就出现了精致的照片。
她本人是短发，所以短发的照片格外像她，花木蓝花了9块9，开心地玩了一个周末。
“有一些美颜过度了，但是你要点击下面的‘更像我一点’，它会把p过火的地方收回来一些。”
花木蓝生成了各种版本，还尝试了一下性转版的自己，最后感慨一声：“希望能把杨洋换成性转版的我自己，可能看起来就不那么油腻了。”
花木蓝问妈妈搜罗了20张照片，帮她复刻新的写真照，因为妈妈长胖以后，很抗拒出现在照相馆里，但是妈妈并没有20张自拍照。
所以，她希望妙鸭相机能上线老年妆功能：“这样即使我看不到她年轻，至少她能看到我年老。”
也有些人觉得垫图20张太多了，比如编辑部的李周说根本没有这么多自拍，只能找到了一些原本就加了滤镜的美颜照。
美颜的结果是，生成的图片像她的五官，又不像她本人，“看着几乎一模一样自己的脸找不同，会有种恐怖谷的感觉。”
不过美颜照嘛，漂亮一些也是可以的，“要是和平常一模一样，我还费半天劲花钱玩这个干嘛？”
小程序里有风格不同的模板，古风、职业、现代、韩式、日式，如果要生成高清大图需要花费钻石，钻石可以购买或者分享得到。
总之无论如何，“花了不到20块钱，用了一个下午，抵得上在海马体泡一天，效果非常炸裂。”
毕竟海马体们的曾经存在，是对传统影楼的代替。
求真的传统影楼，早就走到了尽头。模板流水线化，隐形消费和强制消费高，本来已经奄奄一息，加上房租、广告、佣金运营成本越来越高。
所以，当名为“最美证件照”的风一吹，立刻就碎了。
海马体更是最美证件照里的佼佼者，除了证件照以外，它的拳头产品就是写真照。
它牢牢拿捏了现代人对颜值经济的追捧、对社交展示的需求和生活节奏变快之间的多重心理，一番计算后，打出了一张王牌：
写真模板。
娇嫩美丽的模特早就准备好了精心设计的妆容、动作、服饰、表情，所有拍照者只需要比着模板，就能生成一张美丽照片。
不能说完美无瑕，至少在75分之上。
只需要几百块，让对生活仪式感有追求的男孩女孩竞相追捧。
每个圣诞节，朋友圈都会出现至少两位数的朋友，po上自己戴着鹿角、红绿配色、戴着翅膀花环的可爱圣诞写真
——这就是海马体成功的最好证明。
虽然这样的照片里，大家穿着差不多的衣服，化着差不多的妆，背后背着一样的翅膀，遮住脸就看不出来谁是谁。
但是能拥有一套这样的照片，能在节假日时候po到自己朋友圈，再说一句“春天你好”，已经算是把几百块钱用到了极致。
模板化的弊端也很明显，要快、要出片、要标准，那在流程上一定会流水线，化妆 、更衣 都有固定的技巧，拍摄 、后期修图都是批量操作。
海马体的修图技巧曾经被不少人诟病：太过于网红、太过于流水线、抹掉了本人的相貌特征。
虽然叫着“修图师醒醒”，但实际上很多轻型照相馆里，修图的已经不一定是人了。
“天真蓝”的CEO周扬曾经说过，AI技术可以通过人脸识别，实现1分钟修图，实现97%代替人工。
和昂贵的人力成本相比，AI的存在也能大大提高工作效率、控制成本。
所以，你以为妙鸭是第一次和AI交手吗？
可能在不知道的地方，你们已经擦肩而过很多次了。
这次妙鸭相机横空出世，更是硬生生把海马体们几百块的价格，拉平到了9块9。
不光修图用AI，你甚至不需要预约、化妆、造型，一切交给价值9块9的新技术。
反正都是流水线，必须要亲临现场吗？
反正大家的目标都是出片，必须是要活生生的人吗？
反正都是AI修图，直接用妙鸭拍不是更方便吗？
属于海马体们的极致方便，已经被AI卷到了沙滩上。
所以有网友戏称：“海马体一觉睡醒，腰子被嘎了。“
曾经摄影的目的是纪实，它能够反映最逼真的形象。
但是现在，逼真已经过时了，它完全落后于人们对膨胀美丽欲望的追求。
最好照片要像自己，但最好比自己好看一点；
无论是自己留着、做头像、放到社交媒体上，都能至少“感觉自己好一点”。
所以踩着展现“理想自我”的心理机制从美颜相机，到海马体，现在卷到了AI写真。
靠“AI写真赚钱”这种故事，妙鸭并不是第一个讲述者。
年初的美图秀秀AI生成，前些日子火爆设计圈的midjourney、之前的b612，都有相似的功能。
有熟悉的网友已经如数家珍：这个不适合亚洲人，那个更适合长辈、有的韩式、有的性价比高……
根据36氪的报道，妙鸭和市面上大多数AI生成图像的应用，都采用的是能开源stable diffusion模型。
这种模型没有技术壁垒，赚快钱容易。
李周说，不知道怎么回事，忽然间开始在朋友圈流行，“就像好几年前美图秀秀的民国照、军装照一样。”
如果说当年只是为了体现“我很好看”，将AI写真发朋友圈，更多了一层“我很前沿”的意味：
我不仅好看，还懂AI，而且愿意付费。
在半年前，同样“喂多张图片给算法、付费、生成数字分身挑选写真模板”的故事，是属于另一款世界级爆火app “Lensa”的。
去年12月，它称霸了美国、加拿大、英国的app store下载榜首，最高一天下载量甚至超过了1500万，12月收入达到了800万美元。
和羊了个羊不一样，妙鸭相机至今没有公布下载量和营收，但是从每次进去制作都有几千人排队，一个人至少消费9块9的现状看来，它已经赚得盆满钵满。
不过，和AI相关的付费产品，授权与协议许可是永远无法绕开的争议话题。
妙鸭相机最初版本的协议许可证被人称为霸王条款：
每次生成“分身”要上传20张图片，如果这些照片可以被随便使用，那已经构成了对隐私的侵犯。
虽然很快妙鸭更新了用户协议，表示上传的照片只会用于数字分身制作，不会提取也不会用于识别和其他用途，且分身制作完成后自动删除。
但是不安全的种子已经在一些人心里种下了：
我与生俱来的脸，真的还完全属于自己吗？
AI能多大程度替代真实，一直是各方争论的问题。
当我们越来越依赖于网络世界，妙鸭相机这种AI产品的存在，已经让生活变得更像镜中之花。
法国学者居伊·德波在《景观社会》里写道：“整个社会生活显示为一种巨大景观的几句，经历的一切都离我们而去，进入了一种表现。”
这种表现，是经过点滴的美化展示在社交媒体上，一定美妙，却未必真实。
而无论是海马体、天真蓝还是妙鸭，大家都是装进了某种模板的套子，精心填充着关于美丽外表的见解。
不过，大多数人在海马体拍摄间隙都会用手机自己另外拍一批“花絮”。
“比流水线正片好看一万倍，至少更像我一些。”
因为对他们来说，如果说在社交媒体发一张流水线照片，只是今天美丽之旅结束；
那些化妆、造型、摆弄的体验，才是真正值得回味的开心过程。
成片都是展示的景象，花絮才是真的人生。
前一阵被热议的“流水线公主”，除了别人看到的千篇一律的打扮妆容，她们也陶醉于可以变漂亮的过程。
“我还挺喜欢坐在那里被摆弄的感觉，自己像一件被认真包扎的礼物，这件礼物也是送给自己的。”
李周坚持认为，妙鸭并不能完全替代写真馆：
“我们可以用这个批量生产照片啦，但是AI没有花絮，更不能复刻我激动、紧张、期待自己的心情。”
因为，照片是假的，我们不能永远生活在景观里。
你的照片可以用来糊弄面试官，相亲对象，或者公司荣誉墙，但是照片背后和生活的温度和真实感，永远无可替代。


本文转载自有态度、有温度、有趣味的微信公众号【凤凰WEEKLY】，点击以下链接，观看更多凤凰WEEKLY热门文章：
不生孩子的年轻人，越来越“厌童”了
在妈祖面前，没有福建人敢撒谎
全中国最低调的贵族，都在划龙舟
关注凤凰WEEKLY，做市井中最有深度的灵魂。
▼
北美留学生观察
世界名校留学生们的根据地，留学生家长们的教育内参，200万中国青年长期订阅的优质读物
2916篇原创内容
公众号",https://mp.weixin.qq.com/s/skHXMIw2nin52NbX1MUbqQ
21,21,留学生必看！2023完整版学历认证流程在这里！,"编辑部 北美留学生观察
2023-07-29 09:37 Posted on 美国","对于留学生来说，回国的第一件事就是要将自己的海外学历进行认证，这不仅是找工作的必备材料，也是享受留学回国政策的重要凭证。
如果没有进行认证，留学学历将不被国内教育部认可，相应的留学生可以享受的买车，创业等国家政策都不可以享受，且会对找工作造成一定影响。
此前，教育部留学服务中心发布了一些留学生学历认证新规，对于证明信认证做了进一步的规范。
证明信认证具体有什么变化？符合申请条件的同学需要准备哪些材料？申请流程又如何呢？
今天带大家重新梳理一遍认证流程。
材料要求详情：
想要快速的申请中留服的学历认证，首先要准备好10样材料的电子版或扫描件（一些材料如有特殊情况，请以中留服官网要求为准）
以硕士为例：
登录教育部留学服务中心网上服务大厅：http://zwfw.cscse.edu.cn/首页。

进入统一用户身份认证系统界面，选择“个人用户登录”，点击立即注册。


注册完成后，系统会自动发送短信及邮件的注册完成通知，通知内容包括注册用户名和密码，用于留存备查。

注意事项：请仔细核对身份信息，并确认手机及邮箱可以正常接收通知。


注册完成后，在系统首页点击页面右上方的“登录”，登入个人账户。
登入个人账户后，选择“在线申请”，进入到认证申请页面。


点击“增添认证申请办理”：


1.进行实名认证。
扫描二维码下载APP“国家政务服务平台”，完成人脸验证。


2.完成人脸验证。
点击“已完成实人认证，获取出入境记录”，确认出入境记录无误，点击下一项。
随后，按要求完成“基本信息”，确认信息无误点击保存，再进入下一步。

3.选择申请类型。
选择“国（境）外学历学位认证”，点击“下一步”；

4.填写认证申请信息。
说明：一份认证申请只能进行一个学历学位的认证，如果申请人持有多个学历学位需要认证，请分别填写认证申请信息，并请确保填写的认证申请信息与上传的认证材料一致。
5.填写学习经历。
上一步中填写的学习经历已经自动添加，点击“新增”可填入高中学习经历、预科语言学习经历，若是认证硕士博士可继续填入本科或硕士学习经历，然后点击下一项。
6.上传认证材料。
所需资料在第一步有介绍，每一部份有详细要求介绍图，完成资料上传后确认提交。
说明：除个别院校需手动上传特殊版本授权声明，其他院校授权声明均在线自动生成，申请人只需在线签署。
7.确认认证申请信息，提交申请。
说明：如信息填写有误，可返回更改。如信息无误，则勾选保证书并点击“提交”，认证申请在线提交成功。


确认所有信息准确无误后就可以点击提交，并缴纳费用360元，进行“在线支付”（需使用带有“银联”标识的银行卡（借记卡或者信用卡均可以），进行在线支付）。
付款完成后，回到认证系统页面，点击“支付成功”。
返回个人中心后，点击“我的支付”，可查看到《学历学位认证费用收取证明》，如需打印，可随时登录系统进行打印。

在认证过程中，可能会出现需要补交相关材料的情况，会发送至手机/邮箱通知。
补交材料操作方式：登录系统后，点击首页右上角“用户中心”，可以在“我的申请“中查看到正在认证中的申请。
需要补材料的认证申请会出现“补材料”的按钮，点击后根据指示补充材料即可。
一般情况下，学历认证工作时限为10-20个工作日以内。
此外，若申请人出现以下情况等，可能导致认证工作周期延长：
-颁证院校/核查机构未能及时反馈核查结果
-申请人未按要求及时补充有关材料
请及时查询申请进度。
如果因颁证院校不予配合等原因需要申请人配合联络校方或补充相关材料，留服中心会与申请人及时沟通。
祝大家一切顺利！


北美留学生观察
世界名校留学生们的根据地，留学生家长们的教育内参，200万中国青年长期订阅的优质读物
2916篇原创内容
公众号",https://mp.weixin.qq.com/s/MtjOxgfDtkR8UX94nQxNig
22,22,17级台风杜苏芮有多可怕？,"北美留学生观察
2023-07-29 09:37 Posted on 美国","来源|雷叔写故事
ID|raistlin2017
作者|小林

刚刚群里刷到的段子，说四大行同时放水，牛市要来了，有图有真相。
点开一看，图是这样的：
01
超强台风杜苏芮来了。
我朋友圈都被它刷屏了。
门板被狂风吹得像在作法。
300斤没轮子的冰箱，被吹出踩风火轮的感觉。
这些都是杜苏芮制造的名场面，有点像在拍灾难片。
新闻里更是说它最高17级。
压迫感十足的还有那些紧急通知。
周四晚上五点，杜苏芮升级为超级台风；
半小时后，拉响最高级别的台风一级应急响应；
晚上九点，启动防汛防台风二级应急响应。
后来中央气象台预测，杜苏芮破坏力大，有可能成为1949年以来登陆福建的最强台风。
那它要比令人闻风丧胆的桑美、莫兰蒂、飞燕还强了吗？
今天早上我还看到了杜苏芮造成台湾居民死亡的消息。
听听这些描述，风声鹤唳。
说到这里，就要科普一下杜苏芮的与众不同。
杜苏芮最高阵风在17级以上，登陆时中心附近最大风力15级。
中心最大风力15级，相当于开车开到时速200，人在地面上飞的感觉。
这样一级的台风，在破坏力上不容小觑，它可以拦腰截断大树，连根拔起地面房屋。
吹掉门窗什么的自然不在话下。
2016年，15级的莫兰蒂，在厦门肆虐一夜，就把海景阳台的玻璃吹掉一半。
外国有一个视频显示，15级台风几小时就淹没几米高的房子，令街道满目疮痍。
说白了，这种级别的台风是人力远远不能承受的。
能躲多远就躲多远。
02
然而，杜苏芮还很狡猾。
来之前，它释放友善一面，拿绚烂晚霞让人放松警惕。
27日傍晚，全网都在赞叹厦门天空云隙光之美，没多少人想到台风会悄悄来。
转眼之间，它就让厦门变了天。
海上，掀起水龙卷。
海边，制造狂风暴雨，让船体剧烈摇晃。
无人的大海岂能释放掉所有暴怒。
后来它到了厦门市区，肆无忌惮地作恶。
一个男生刚想开门，就被狂风卷出门外，玻璃门瞬间碎裂，他也受了伤。
几十米高的吊机在风中晃动，摇摇欲坠。
机械都受不了超强台风，人怎么受得了呢。
为了安全起见，厦门提出“三停一休”（停工/业、停产、停课、休市）。其中湖里区一度要求全区足不出户。
一天过去，厦门受到的台风影响没有想象得大，“三停一休”也就结束了。
厦门放下了悬着的心。
但泉州没有，因为杜苏芮的真正目标是她。
看看泉州发出的警报。
看看泉州高楼的窗外。
浓浓杀机在空气中弥漫，之后就是台风丧心病狂的表演。
吹断树木、掀飞屋顶，它趁人不注意，击爆了高压电线。
它让记者站都站不稳。
记者只好用绳子绑住，努力靠近海面去报道实况。
破坏，破坏，破坏，台风行走的意义就是毁天灭地，让人感到失望。
不久前，它掀翻了泉州海峡体育馆的楼顶，五月天原定8月份在这里开演唱会。
很多网友伤心，买了票看不成了吗。有人甚至说主会场被吹倒了，快去退票吧。
官方很快辟谣，只是顶棚彩板被掀翻，体育馆主体完好，不影响演唱会的举办。
这也印证了一个道理，台风不仅仅在户外发威，还更愿意去触及普通人的生活。
它发誓要让人类吃苦受罪。
看看房顶被吹掉，车子被吹倒的场面，你就知道它的恶意。
不幸的是那些窗户被打破的居民，他们不得不徒手守护自己的家园。
可力量微乎其微，能坚持多久呢，能遮挡狂风接下去的侵扰吗，不得而知。
无法防风以外，晋江一些地区的人短时间内还无法使用水电。
停水影响区域包括博东路、普贤路（电力学院以北）、万安街道（324国道以北）及双阳街道，影响用户约1.8万户。
灾难的损失一个接一个凸显。
截至28日14时，杜苏芮已经造成福建省72.46万余人受灾，直接经济损失5227万元。
杜苏芮离开福建后，也会去肆虐浙江、江苏等地。
另一边，8级台风卡努也有前来破坏之意。
相比之下，人是如此渺小。
人又始终不能对台风放松警惕。
03
严阵以待是最好的防台态度。福建人在这些方面熟练得令人心疼。
比如把物品绑得结结实实。
在厦门，连窗外的空调外机都得用铁链子固定住。
什么都绑得。
玩偶的气没了没关系，留得青山在不愁没柴烧。
因为每一件看似吹毛求疵操作的背后，一定有更离谱事故带来的教训。
所以多做点准备，肯定没错。
不能绑住东西，就让它更轻装。
给树理个发。
给路灯降下来，喘口气。
给模型移室内，请下次再来给我们工作吧。
让它们安稳下来，也是让人安全。总之安全防护，一个都不能剩。
对于店铺，大家更是把心提到了嗓子眼上。
狠狠加固店面。
还有用尼龙绳等安营扎寨的，也不知道有没有用。
没有绳子了，直接拿挖掘机来保护。
关于生命安全的事，怎么谨小慎微都不为过。
最后心理防线上的任何技巧都不能疏忽。
那些祝福的话语，都想让台风快快远离。
除了居民，还有很多力量在防台防汛。
市政人员开始抢救积水的路面。
消防员去加固危房。
最关键的是把受灾群众转移到安全位置。
消防员、警察、市政工作人员以及普通人，不顾自己的安危，努力让城市恢复原样。
还是那句话：台风无情，人间有爱。
所谓患难见真情，患难何尝不见城市的温暖呢？
04
可谁能想到，一些网友偏偏希望台风来，来得越多越好。
他们觉得这样可以降温，如果台风没来，或者来得少，他们很失望。
“上海市民都希望台风都来几个，空调费省了，人也舒服了。”
想追台风的饭圈网友也有。
“有些杜苏芮吹就省省吧，真的别碰瓷莫兰蒂，一点降雨有什么好怕的，江西福建本来就少雨，鄱阳湖和很多水库都快枯了，这个强度台风登陆利大于弊。50m/s估计都是高估的，撑死45m/s。”
想身体力行去打卡的人也很多。
最离谱的线下实干派。
之前自称是深圳登山运动协会会员的42人，专门挑了台风天，戴着眼罩，行走在200多米深的悬崖边上。
美其名曰团建。
消防和民警好说歹说才把他们劝下来。
我不理解，带来这么大损失的台风也需要去膜拜和信仰。
信仰它能让它放过自己吗？信仰它能让它只带来好处，不带来坏处吗？
太天真了。
虽说台风能降温，能起到气候调节等作用，但它是不可控的。
可能凉爽袭人，也可能伤人伤得体无完肤。你敢赌，其他人不敢赌。
再说了，你出门去打卡，不顾自己生命安全，却影响到了别人的防台工作怎么办。
到时候还是让消防员救你。
去救一个偏要在台风天作死的人，是不是浪费警力呢，也是一个问题。
多少年的防台经验已经告诉我们：
在台风面前，做个人是再正常不过的事了。
做个正常人，做好个人防护，比什么都重要。
所以最后提醒一下：
即使内陆网友也要当心，风小了，雨不一定小。


雷叔写故事
为你写一个故事改名啦，雷斯林欢迎你关注。
1442篇原创内容
公众号
北美留学生观察
世界名校留学生们的根据地，留学生家长们的教育内参，200万中国青年长期订阅的优质读物
2916篇原创内容
公众号",https://mp.weixin.qq.com/s/50LBzy-EUJZBJfpBcdZCzQ
23,23,遮掉logo，一只7.5w的品牌手袋，出厂价到底是多少？,"北美留学生观察
2023-07-29 09:37 Posted on 美国","这是一只售价7.5w的大牌包包。

当我们遮住它的logo，你会看见什么？


无可挑剔的车线和做工、熠熠生辉的皮质和五金、经典耐看的版型和设计……

不可否认的是：

即使拿掉logo，包包本身依然可以散发出足够高级和昂贵的气场。


不过，作为一个资深电商人，我们首先看见的是：

国际大牌高到吓人的品牌溢价……


要知道，在中国售卖的奢侈品一定会在中国找代工厂代工的，无论多大的牌。

（因为我国奢侈品税总和高达60%，1w块的包纯进口过来，还没卖就要打6000税；而在国内找工厂加工的话，成本省得不止一点半点，这已经是公开的秘密。）

而据我司买手前线发来的战报：

真奢侈品代工厂的包，同样的工艺、同样的材质、甚至是同一流水线同一个工人做出来的，只要拿掉大牌logo，价格就会跌得0.1折都不到……


前段时间，买手跑东莞去给大家找到了一家给奢牌/一线品牌做代工的，真正的（不是号称）的源头工厂：诺德。

他们家工厂规模就达到了35000平米，员工总数达到了1000+人，专业做箱包已有10年之久。

也正是因为他们做事非常靠谱，且拥有别家做不到的打版技术、边油处理技术、车工缝线技术，才被Pr*da、Burb*rry、Tory B**ch、C*ach等等一线奢侈品大牌挑中，成为国内的正儿八经代工据点。

部分代工品牌

但是做代工的利润又被压榨得实在太低，加上近些年进出口贸易环境不好，订单量锐减，他们就开始转型做起了自己的品牌。

这次我们去洽谈的，也就是他们的自主品牌包包。

简单剧透一下这些包就是：惊艳、巨值。


首先说说皮料，做包最基本的要素。

诺德只选大牌同源的进口优质皮料，进口地有：意大利、巴西等，报关单、检测报告，资质齐全。

这就是多年奢牌代工的好处。

上下游供应链全打通，自己也能搞到同款好料子～
左右滑动查看更多

其次，五金也相当璀璨。

采用真空电镀（高级珠宝用到的电镀工艺）经过盐雾测试、老化测试，做出来的五金每一枚都达到奢牌标准。


另外，诺德都是10年以上老师傅做的边油。

边油，是整个行业最注重的细节。

采用进口先科D&A环保边油，10年以上的老师傅油五六次以上，不气泡、不脱胶、不刮手、不起坑。

让边油薄且顺，而且做多次测试认证，确保出的货都是和大牌奢侈品同样品质的产品！


做工更不含糊：

严格按照国际奢侈品大牌包的标准：一英寸7针的车线距离。

市场上也有很多几千块的大牌A货，贴个假logo当正品卖，但是你只要细看工艺，就发现根本比不了。

无他，假牌子货只是仿得了样子，根本仿不了工艺。


奢牌同源皮料、奢牌同源五金、奢牌同款工艺，甚至是做过N只奢牌包包的熟练工人！

这些珍贵的资源，现在全数投入到诺德的自有品牌中了。

而对于消费者来说，关键的关键是：价格实在太友好了！！！！

⬇️点击下图即可抢购⬇️

比如这只相机包，用的P**da的同源头层牛皮。


给大家看近距离特写：

这个皮质，真的和你去柜上买好几万的P家皮料是一模一样的。


甚至五金、车线，都是奢牌同款的，细节上完全没得说：


那价格是多少呢？

买手给大家砍到的限时开团价：仅需299！！

真 · 同厂同工同源同料的包，砍掉品牌溢价之后，连个零头的价格都要不到，这不香吗？

⬇️点击下图即可抢购⬇️

还有这只黑色翻扣包，用的小香家同源的鱼子酱皮料（头层牛皮）。


我们都知道，奢牌的供应链都是相对封闭的。

像这种油润奢华的鱼子酱皮，也就只有长期给奢牌做代工的工厂才能搞到了。


诺德工厂直出的价格是：499。

一只大牌包的钱，能买它100只不止。（而且这已经是本期最贵的包了，放心）

⬇️点击下图即可抢购⬇️

这次一共给大家挑了7只包，都是经典不过时的款式：

超级能装的菜篮子、水桶包；经典的格纹、条纹小包，还有素皮双面小包包。

每一只都是工厂精选的头层牛皮、羊皮，做工版型也没得挑，大家放心选就是了：）


每一只包都是多重精心包装后发货。

无论送人还是自用，都有里有面。
【诺德】大牌同厂真皮包包
进口优质皮、一线大牌工艺
品质与性价比并存
推文价：299起

⬇️点击下图即可购买⬇️

👜 大气链条包70309（牛皮）

日销价：499元；推文价：299元；


这只包，采用的是进口头层牛皮。

它不同于常见的硬实牛皮料子，我们选用的皮料足够柔软，周身散发的淡淡丝绸光泽，更能凸显小香的温柔。


你仔细看，两层包包的菱形线条是上下对齐的。

这种细节，这种严谨，可不就是大牌感、高级感的来源啊

要不是做了多年大牌代工，拥有多位熟练且靠谱的工匠，怎么可能做得出来？

可斜跨，一包两用，满足日常生活所需。

【颜色】黑色 棕色  杏色
【尺寸】长：21CM  高：11.5CM  宽:6.5CM
⬇️点击下图即可购买⬇️
👜 小香风中古斜跨包70281（头层羊皮）

日销价：599元；推文价：399元；


这只包，选用的C家同源头工厂进口绵羊皮。


皮质细腻软滑，配上香奶奶家经典的菱格车花，怎么看怎么好看。


经典的手工打模的皮穿链，小金球让你是人群中最闪耀的那颗星。


【颜色】抹茶绿
【尺寸】长：17cm  高：12cm  宽：6cm  链条肩带中高54cm,可调节


⬇️点击下图即可购买⬇️
👜 双面双子星链条包70296（头层小羊皮）

日销价：699元；推文价：499元；


选用意大利进口头层牛皮面料，然后使用高密度弹力托料作为内衬，保证袋型随意变换不会有折痕。


这个袋子的皮料最大的特点就是越用越软，越用越发光。

皮料的原动物油脂会将皮料保护的很好，经久耐磨！


有精致的小提手和斜挎链条设计，平常肩背/斜挎/手拎都可以，


双面双口袋折叠设计，可以侧面看一下厚度，两个袋仓都是立体的，容量非常可观。


两个袋仓背后都有一个磁性吸铁，可以像折叠手机一样开合，很方便。


给大家展示一下两个口袋的内部空间，设计不是一样的，都是双室的，其中一个有3格卡槽。

内里是超级柔软的麂皮材质，手感很好，保护日常物品，很贴心~


【尺寸】长：17cm 高：11cm 宽：8cm
【颜色】天空灰 黑色
⬇️点击下图即可购买⬇️
👜 小香风系斜跨包70275

奶油色【预售15天后发货】日销价：599元；推文价：399元；


让人一眼沉沦！

香家的小金球系列，让人完全感受到专属于小香包的美，看来从20年火到今年不无道理。


包型复古经典，上身很显气质，包型挺括立体，优美圆润，细腻柔软的牛皮材质，自带光泽肌理感，饱满优雅。


斜纹菱格设计，配合专业的车工工艺，让菱格饱满立体又富有质感。


按压起有绵软饱满的空气感，且能迅速回弹，所以包身手感很赞。


按下转运小金球的按扣，可以自由调节肩带长短。

个子矮也不拍，可以做斜挎、单肩、手拎、腋下包，甚至是腰包，利用率超高。


这款共有5个色，从左至右，依次是棕色、浅紫色、奶油色雾兰色、紫红色，可选择范围很广。

⬇️点击下图即可购买⬇️

👜 COCO翻盖款单肩包70300（头层鱼子酱牛皮）

日销价：699元；推文价：499元；


头层鱼子酱牛皮，用的是小香家一样的皮质！


五金采用TO*YBu*h家源工厂相相真空电镀五金，不易氧化。


袋子的凌格整洁有形，使整个包包看起来立体有形，香风满满。


【尺寸】长：23cm 高：15cm 宽：9cm
【颜色】黑色
⬇️点击下图即可购买⬇️

👜 简约小水桶包SU-70155（头层牛皮）【预售15天后发货】

日销价：549元；推文价：349元；


这只包，用的意大利进口T*B原单进口荔枝纹头层牛皮，双层皮对贴的，随便rua都没事儿。


五金采用TO*YBu*h家源工厂电镀五金，亮银色的五金将荔枝纹牛皮高级感拉满。


皮料颜色多种，春夏秋冬季节均可满足。

⬇️点击下图即可购买⬇️
👜 菜篮子包包70113（头层牛皮）

日销价：559元；推文价：359元；


爱玛*家经典菜篮子，超能装。


同样都是选用意大利进口头层牛皮面料，经久耐磨。

而且日常不用打理，随意摆放即可。


不矫情、不娇气，容量大又好好背。

这只包包，必须是打工人专属！


【诺德】大牌同厂真皮包包
进口优质皮、一线大牌工艺
品质与性价比并存
推文价：299起
⬇️点击下图即可购买⬇️
—电商广告—

（市场推广）


北美留学生观察
世界名校留学生们的根据地，留学生家长们的教育内参，200万中国青年长期订阅的优质读物
2916篇原创内容
公众号",https://mp.weixin.qq.com/s/FOdX00pL_RoUpxomR8qv-A
24,24,看了费翔的腹肌，我和我妈都笑了,"北美留学生观察
2023-07-29 09:37 Posted on 美国","来源|视觉志
ID|iiidaily
作者|他山石

宣传许久的《封神第一部》终于上映，但谁能想到，第一个出圈的竟然是一只手。

几天前的首映会上，一个""绅士手""的视频片段被疯传。
就在大家讨论这只纤长白皙，骨节分明的手是哪个小鲜肉的时，谜底揭晓 ——

62岁的费翔。

不仅是手，片中费翔的身材同样让网友惊叹。

要知道，拍戏时的费翔都59岁了，身材竟毫不输给戏中的年轻演员。
事实上，其实从87年春晚的亮相之后，费翔就已经是一个集颜值，能力，敬业，人品于一身的优质偶像。

导演乌尔善解释自己选费翔，就是因为《荀子》里描写纣王，“长巨姣美，天下之杰也；筋力越劲，百人之敌也”，完全对上了费翔。
而在能力和敬业上，为了在拍摄过程中呈现更好的效果，近60岁的年纪，健身、马术、武术等各种训练费翔一样不落，还拒绝替身，堪称剧组典范。
所以，我想是不是可以以他长红的演艺人生为模版，对比一下如今娱乐圈那些流水艺人。

为什么三十多年过去了，1987年央视春晚的那把火，还是能温暖你我。
和所有的混血儿一样，费翔的身世横跨山海。

上世纪50年代的台湾，一名来自哈尔滨的女孩走在街上，突然发现自己被一个美国大兵偷拍。
女孩叫毕丽娜，美国大兵叫费伟德，虽然被拍很不满，但随后的交谈却让毕丽娜感到十分愉快，相似的价值观和兴趣爱好让这对男女开始相爱。
1960年12月24日，他们第二个孩子出生了，英文名叫Kris Phillips，而中文名则是“费翔”，取其飞翔之意。
虽然姓名寄托着父母的期待，但费翔的童年过得并不幸福。

父亲是一个高尔夫球迷，最大的乐趣就是每天为了能在天黑前打下18洞，提前到三四点下班，妈妈又始终活跃在文艺圈，做电影剧本。

因此两个人都很少管他，费翔可以说是被保姆带大的。

被家人忽视也就罢了，费翔跟外界的相处也十分游离。

混血的长相让他在一群中国人中不知所措，而因为长得胖，还总受到同学嘲讽。
据费翔自己回忆，那时的他，一顿饭能吃100个饺子，不到13岁体重就将近200斤。

可万事都有两面，与外界的隔阂让他能全身心投入学习，因此成绩始终名列前茅。

而这样的尴尬处境，直到他去到美国念大学，变瘦，变开朗，才逐渐变好。
但生活从来不肯一帆风顺，非得好坏更替，苦乐相随。‍‍‍‍

费翔21岁了，正是奔赴大千世界的年纪，却忽然接到姐姐Anya患癌的消息。

在费翔的印象里，姐姐是个漂亮、疯狂且有才的女生，喜欢摇滚，不仅组建过乐队，还在参与了当时对后世影响深远的无浪潮运动。
可想而知，这样具有鲜明个性的姐姐该是多么疼爱弟弟。

费翔小时候被人欺负时，是姐姐为他出气，做错事情，也是姐姐担着。

并且姐姐还会时不时买些零食给他，费翔吃东西的画面，是姐弟俩最开心的回忆。

因此，姐姐因病去世给了费翔巨大打击。
在临终前，姐姐对费翔说的最后一句话是，“你一定要替我好好活着……”

如果说此前的费翔，还是父母眼里的好孩子，遵循母亲说的“牙医收入高，将来能找个稳定营生”的叮嘱，以优异成绩考入美国斯坦福大学的医学系。

那么，姐姐去世带给他的影响，便是让他开始思考自己想要做什么。
于是，在发现自己热爱的其实是表演后，费翔在入学医科一年后毅然转入斯坦福大学的戏剧专业，专攻舞台表演。

命运的齿轮开始转动。
1981年，毕业归台的费翔被张艾嘉发掘，参与演出了台视单元剧《十一个女人》，虽然反响平平，但公司看中了他的外形条件，规划他以歌手身份出道。
没想到，费翔推出的第一张个人专辑《流连》就一炮而红，不仅获得金唱片奖，唱片销量甚至力压邓丽君、刘文正这种老牌明星。
接下来的几年，他继续发力，推出了几张专辑，并出演电影，事业顺风顺水。

可忽然有一天，妈妈告诉他 ，说自己收到了失散40余年，来自大陆的姥姥的书信。
“我是李梦白，我的女儿是毕丽娜，我们40年前分手之后，再也没有了她的消息，我听说她去了台湾，不知道她现在还在不在……”

基于历史原因，这样的事情在当时数不胜数，而费翔也和无数念家的孩子一样，当机立断要跟妈妈回到大陆。‍

可当时两岸关系还没破冰，台湾公司威胁他说，“你可以去，但是我们不能保证你还能回来唱歌。”

费翔知道结果，却并不在意，亲情、祖国、身份认同感对他来说，远比眼前的名利更为重要。


1987年，费翔终于带着妈妈回到了大陆。

见到外婆后，费翔不禁落泪，时局的动荡，世事的沧桑，全都体现在了这感人一幕。
而恰好此时，央视春晚正在筹划编一场包含各民族各地区的歌曲联唱，导演邓在军已经邀请了来自香港、澳门的歌手，独独缺少台湾的。

而才貌俱优，又是从台湾回乡探亲，有背景故事可聊的费翔自然成了最佳人选。
而除了是史上第一位登台的台湾歌手，费翔上春晚的背后还有很多故事可聊。

比如当时春晚规定，一名歌手只能唱一首歌，可导演却在《故乡的云》和《冬天里的一把火》中陷入两难，最终一狠心，两首都唱！

而正是这一决定，才让费翔的两种魅力全都被中国观众所熟知。

如果说《故乡的云》用清澈又具有感染力的嗓音烘托了费翔的英俊迷人。
在介绍这首歌时，他说，“这次回到祖国，我初次见到了我的外婆。请允许我唱一支歌，献给我的外婆，献给我的母亲，献给我的故乡”，然后对外婆深情一吻。
那么《冬天里的一把火》则是用热情洋溢的大幅度扭胯舞步，使费翔的魅力直接钻进了观众的心里。
“你就像那冬天里的一把火，熊熊火焰温暖了我的心窝。每次当你悄悄走近我身边，火光照亮了我……”

上个世纪八十年代，改革开放的大门刚刚打开，长期处于沉闷气氛的中国人，期待看到更大，更新潮，更别具一格的世界。

而极具异域风情的费翔，便是这样的世界。
短短两首歌，就让这个烫着微卷头发，穿着红色燕尾服，身材高挑，五官精致，眼眸深情又阳光的年轻人一举成名，成为亿万国人心里的白马王子。
春晚之后，中国社会出现了一个名叫“费翔效应”的现象。‍‍

录音带瞬间售罄，女生写给他的情书装了几麻袋寄到央视，而他的发型、着装、舞步也都被男生们争相模仿。

就连金星也留过和费翔一样的发型。
当年还有个顺口溜，“费翔一回头，全国少女把泪流。费翔再回头，全体妇女跟着走”。

果然，因为上了春晚，台湾媒体宣布封杀费翔，可这丝毫没有影响费翔的心情。‍‍‍‍‍

回到家乡后，亲人、周围的人、国人带给他的亲切感是无可取代的。

而费翔在大陆的火爆程度，跟台湾相比，有过之而无不及。

仅1989年一年，他就在12个城市连续举办了65场演唱会，并且场场爆满。
当时的中央新闻电影制片厂还专门结合此次巡回演出，拍摄了纪录电影《费翔和他的歌》。

可正当大家眼见其星途坦荡，他却在最后一场演唱会结束前宣布自己要告别中国流行乐坛，去纽约寻求音乐剧和舞台剧的发展的决定。

“我如果再继续也是可以的，无非就是又一张专辑，再开个唱。可是这样的艺人最后总会榨干的。我觉得我可以给观众的，已经到了一个差不多的程度了。”
粉丝们哭喊着舍不得他走，而看热闹的人则都在笑他傻，这么好的前程不要，干嘛要去美国，甚至说他是崇洋媚外。
可如果真的崇洋媚外，费翔就不会抛下台湾的一切回到大陆，只是他清楚自己要什么。

姐姐的去世让他明白，在有限的人生里追逐梦想，比什么都重要。

“我特别羡慕音乐剧的演员，除了用剧本和台词，还可以用歌声或舞蹈把全场的观众带到情感的极限。”

于是，1990年，费翔只身一人前往纽约，奔赴音乐剧的舞台。

然而在华语乐坛他是巨星偶像，有着亿万粉丝，但到了大洋彼岸的美国，无人认识的音乐剧舞台，他只能从头开始，和几百人一起竞争。

南都周刊采访他：“突然从一个天王巨星，变成一个普通的演员，这个落差你能承受吗？”

他想了想，认真地回答说：“明星是一个公众形象，也是一个感觉。不能说它没有价值，它对很多人来说是一种快乐，一种向往，一个共鸣点……可是，艺人一定要很清楚自己是谁，除开那形象，你本人是谁，我一定要找到那个答案。”

最终，他还是找到了这个答案。

1991年，费翔如愿参演歌舞剧《西贡小姐》，成为了第一位被百老汇录取的华裔班底演员。

“百老汇呆的那7年，对我特别重要。考《西贡小姐》跟别的演员一样排队，没有任何特殊待遇，我终于过上了真实的生活，终于找到了真实的自我。我找到了对自己的认可，也找到了平衡，能够正常和人交往。”
而在美国实现梦想后，费翔仍没有忘记自己是中国人这一身份，他开始基于自己的专业为两地牵线搭桥。‍

1997年，费翔在《杨澜视线》节目里，以嘉宾主持身份介绍了六集百老汇的音乐剧。
同年7月1日，费翔应邀从美国百老汇回国参加在北京人民大会堂举办的，庆祝香港回归大陆的纪念晚会《回归颂》的演出。

2001年，在费翔的牵线下，韦伯先生携百老汇班底在人民大会堂和上海大剧院，为中国人献上了五场精彩绝伦的《非凡之作》的音乐会。

这也是西方主流音乐节第一次踏上东方的土地。

费翔不仅在为国内外音乐剧文化的交流作出努力，也不断改变国外对中国的偏见。

在接受《优酷全明星》访谈时，他说：“我经常会对我的美国朋友说不要跟我谈中国，你应该先去一趟中国，接触一下中国人，再跟我谈中国的事。”‍

可以说，无论是做自己，做艺人，还是作为中国人，费翔称得上无愧于心。
而说了这么多，我一直在想，我们能从费翔身上学到什么呢？

之于他的艺人生涯，很显然是淡泊和勇敢。

从毅然回到大陆，到毅然离开，再到复出演戏，我们其实可以看出，他要的从来都不是名利，而是自己的心之所向。

“我们在短暂的一生中要做自己想做的事情。”

这或许源于他从小就懂得的道理，又或许是姐姐去世带给他的启示。

而之于他本人，其实也有很多值得我们品读的。


很少有人知道，他是中国第一位公开跟艾滋病患者拥抱的艺人。

曾经的国人对艾滋病的传染方式还有很深的误解，公益组织想邀请一些艺人探望艾滋患者来扭转这一印象，但大都拒绝，费翔却是个例外。

1999年11月，他应中国预防性病艾滋病基金会会长曾毅院士的邀请，前往北京地坛医院看望艾滋病患者，并与他们交谈拥抱。


此外，他还十分热心慈善。

刚回国时，他就将1989年65场巡回演唱会所得，全数捐给了1990年北京亚运会。

在当时特殊的国际环境下，这一举动无疑对国家形象有很大的提高。

而之后，无论是1998年长江特大洪水，2008年南方特大雪灾、汶川地震还是2010年玉树地震，他都会竭尽所能地伸出援手。

在2008年南方特大雪灾的赈灾晚会上，他还以“捐款大使”的身份呼吁： “不管我们的祖籍或是出生地在哪里，我们的血液里流的都是中国人的血！祖国的喜怒哀乐我们都要分担。”


关键处见性格，细节处看人品。

除了这些大方向，他在生活中的一些待人接物也被很多人赞许。

歌手戴军始终记得两人初次合作后的分别，戴军送了一张自己的CD给费翔，而费翔也立刻从自己的箱子拿出一套CD来回赠他。

“我说：‘不用，不用了。问你要的人一定非常多，我可以自己去买。’，他笑着说：‘你就帮我减轻一点箱子的重量吧。’”

明明是施以善意，反倒做出求人之态，让人无法拒绝，“他就是这样地叫人觉得舒服。”

而网上也有很多人讲述了自己认识的费翔。‍‍‍‍‍

在走台时摔倒，不仅没有生气，反而心念演出，说：“现在摔倒，总比晚上演出时候摔好。”‍‍‍‍‍


在录影时，因为工作人员的懈怠，以及系统发生意外，在狭小的空间里等待多时，却还是微笑满面毫无愠色。‍‍‍‍‍‍‍‍‍


还有一次演出，主办方在演出前还没把劳务费送来，大家在商量演不演的问题时，费翔一听就着急了，他冲进来说：

“你们演不演我管不了，观众都进场了，我不能撂观众，我演。”

一位和费翔合作的音响师不止一次表示：

“他（费翔）真是一个从来都在为别人着想的人。宽容，大度。我不敢说他是全世界人品最好的。但是，到目前，我身边的朋友，和我接触到的，还没有一个能超过他的。”

一个人能做到这么为人着想，与人为善已经很难得了，更何况，他还是个艺人。

费翔的星途之所以能掀起时代狂浪，又敢于急流勇退，只因他始终眼清目明，内心透亮，清楚自己想要的是什么，也始终用自己的方式着温暖这个世界。

这才是一个优质偶像的正确打开方式。‍‍‍‍‍


而反观如今的一些爱豆明星，不说勇于突破自己，甚至连作品也没几个，就开始吃老本，割韭菜，法制咖。

这正因他们腹内空空，既不知道自己想要什么，又被粉丝疯狂追捧，最终自然变得唯利是图，胆大妄为。

所以， 究竟是什么导致了“妈妈的偶像在露腹肌，而我们的偶像却在踩缝纫机”？

这，就是原因。

* 部分图片和素材来自网络

关于作者：视觉志（ID：iiidaily）用文字记录生活，用照片描绘人生，每晚听你倾诉喜怒哀乐，陪你走过春夏秋冬，撑起朋友圈数千万人的精神世界。本文作者他山石。转载请联系（ID：iiidaily）授权。
视觉志
看见新生活
5275篇原创内容
公众号
北美留学生观察
世界名校留学生们的根据地，留学生家长们的教育内参，200万中国青年长期订阅的优质读物
2916篇原创内容
公众号",https://mp.weixin.qq.com/s/KOBjMKi1lqAbF3lif4SOuA
